﻿Conference,Division,Team,Player,Games,Games Started,Minutes Played,Field Goals,Field Goal Attempts,Field Goal Percentage,3-Point Field Goals,3-Point Field Goal Attempts,3-Point Field Goal Percentage,2-Point Field Goals,2-Point Field Goal Attempts,2-Point Field Goal Percentage,Effective Field Goal Percentage,Free Throws,Free Throw Attempts,Free Throw Percentage,Offensive Rebounds,Defensive Rebounds,Total Rebounds,Assists,Steals,Blocks,Turnovers,Personal Fouls,Points
Eastern,Atlantic,Boston Celtics,Jayson Tatum,79,79,2455,466,1036,0.45,116,311,0.373,350,725,0.483,0.506,195,228,0.855,70,407,477,168,84,57,122,168,1243
Eastern,Atlantic,Boston Celtics,Kyrie Irving,67,67,2214,604,1241,0.487,174,434,0.401,430,807,0.533,0.557,214,245,0.873,71,264,335,464,103,34,172,167,1596
Eastern,Atlantic,Boston Celtics,Marcus Smart,80,60,2200,239,567,0.422,126,346,0.364,113,221,0.511,0.533,104,129,0.806,57,177,234,321,143,28,123,201,708
Eastern,Atlantic,Boston Celtics,Marcus Morris,75,53,2091,377,844,0.447,146,389,0.375,231,455,0.508,0.533,146,173,0.844,76,382,458,109,43,25,92,181,1046
Eastern,Atlantic,Boston Celtics,Al Horford,68,68,1973,387,723,0.535,73,203,0.36,314,520,0.604,0.586,78,95,0.821,120,338,458,283,59,86,102,126,925
Eastern,Atlantic,Boston Celtics,Jaylen Brown,74,25,1913,368,792,0.465,95,276,0.344,273,516,0.529,0.525,133,202,0.658,65,248,313,100,69,32,99,186,964
Eastern,Atlantic,Boston Celtics,Gordon Hayward,72,18,1863,296,635,0.466,77,231,0.333,219,404,0.542,0.527,156,187,0.834,51,271,322,244,62,23,105,104,825
Eastern,Atlantic,Boston Celtics,Terry Rozier,79,14,1791,258,666,0.387,119,337,0.353,139,329,0.422,0.477,73,93,0.785,32,275,307,231,68,21,68,101,708
Eastern,Atlantic,Boston Celtics,Daniel Theis,66,2,908,146,266,0.549,26,67,0.388,120,199,0.603,0.598,56,76,0.737,87,138,225,68,21,42,33,161,374
Eastern,Atlantic,Boston Celtics,Aron Baynes,51,18,821,105,223,0.471,21,61,0.344,84,162,0.519,0.518,53,62,0.855,88,152,240,57,12,34,40,125,284
Eastern,Atlantic,Boston Celtics,Semi Ojeleye,56,3,594,67,158,0.424,28,89,0.315,39,69,0.565,0.513,24,39,0.615,24,62,86,23,10,4,19,43,186
Eastern,Atlantic,Boston Celtics,Brad Wanamaker,36,0,343,50,105,0.476,16,39,0.41,34,66,0.515,0.552,24,28,0.857,3,38,41,56,12,2,19,34,140
Eastern,Atlantic,Boston Celtics,Robert Williams,32,2,283,36,51,0.706,0,0,,36,51,0.706,0.706,9,15,0.6,27,54,81,7,9,40,10,36,81
Eastern,Atlantic,Boston Celtics,Guerschon Yabusele,41,1,251,35,77,0.455,9,28,0.321,26,49,0.531,0.513,15,22,0.682,23,30,53,15,8,7,15,32,94
Eastern,Atlantic,Boston Celtics,PJ Dozier,6,0,51,8,21,0.381,2,8,0.25,6,13,0.462,0.429,1,2,0.5,6,11,17,5,2,0,0,2,19
Eastern,Atlantic,Boston Celtics,R.J. Hunter,1,0,26,6,13,0.462,4,10,0.4,2,3,0.667,0.615,1,2,0.5,1,2,3,3,1,0,0,3,17
Eastern,Atlantic,Boston Celtics,Greg Monroe,2,0,5,3,5,0.6,0,0,,3,5,0.6,0.6,0,0,,3,0,3,1,0,0,0,0,6
Eastern,Atlantic,Toronto Raptors,Pascal Siakam,80,79,2548,519,945,0.549,79,214,0.369,440,731,0.602,0.591,237,302,0.785,124,425,549,248,73,52,154,241,1354
Eastern,Atlantic,Toronto Raptors,Danny Green,80,80,2216,293,630,0.465,198,435,0.455,95,195,0.487,0.622,37,44,0.841,60,257,317,126,73,53,75,171,821
Eastern,Atlantic,Toronto Raptors,Kyle Lowry,65,65,2213,304,739,0.411,157,453,0.347,147,286,0.514,0.518,161,194,0.83,41,271,312,564,91,31,182,166,926
Eastern,Atlantic,Toronto Raptors,Kawhi Leonard,60,60,2040,560,1129,0.496,112,302,0.371,448,827,0.542,0.546,364,426,0.854,78,361,439,199,106,24,121,87,1596
Eastern,Atlantic,Toronto Raptors,Serge Ibaka,74,51,2010,464,877,0.529,49,169,0.29,415,708,0.586,0.557,135,177,0.763,156,445,601,99,29,103,114,211,1112
Eastern,Atlantic,Toronto Raptors,Fred VanVleet,64,28,1760,246,600,0.41,112,296,0.378,134,304,0.441,0.503,97,115,0.843,21,146,167,307,57,20,82,110,701
Eastern,Atlantic,Toronto Raptors,OG Anunoby,67,6,1352,183,404,0.453,67,202,0.332,116,202,0.574,0.536,36,62,0.581,58,139,197,47,46,22,55,140,469
Eastern,Atlantic,Toronto Raptors,Norman Powell,60,3,1126,193,400,0.483,68,170,0.4,125,230,0.543,0.568,62,75,0.827,16,123,139,91,39,13,65,96,516
Eastern,Atlantic,Toronto Raptors,Delon Wright,49,2,897,127,293,0.433,30,90,0.333,97,203,0.478,0.485,53,61,0.869,39,86,125,110,46,15,37,53,337
Eastern,Atlantic,Toronto Raptors,Marc Gasol,26,19,648,87,187,0.465,23,52,0.442,64,135,0.474,0.527,40,52,0.769,24,148,172,101,24,23,36,70,237
Eastern,Atlantic,Toronto Raptors,Jonas Valančiūnas,30,10,564,149,259,0.575,9,30,0.3,140,229,0.611,0.593,77,94,0.819,54,162,216,29,13,23,39,82,384
Eastern,Atlantic,Toronto Raptors,C.J. Miles,40,1,562,70,206,0.34,43,137,0.314,27,69,0.391,0.444,35,44,0.795,12,56,68,22,18,10,21,62,218
Eastern,Atlantic,Toronto Raptors,Jeremy Lin,23,3,433,58,155,0.374,11,55,0.2,47,100,0.47,0.41,34,42,0.81,6,54,60,50,9,6,26,48,161
Eastern,Atlantic,Toronto Raptors,Greg Monroe,38,2,423,74,161,0.46,0,4,0,74,157,0.471,0.46,35,61,0.574,60,96,156,16,13,8,31,61,183
Eastern,Atlantic,Toronto Raptors,Patrick McCaw,26,1,344,24,54,0.444,8,24,0.333,16,30,0.533,0.519,13,15,0.867,7,38,45,27,21,2,14,37,69
Eastern,Atlantic,Toronto Raptors,Lorenzo Brown,26,0,212,23,71,0.324,6,28,0.214,17,43,0.395,0.366,3,3,1,5,26,31,28,12,5,16,22,55
Eastern,Atlantic,Toronto Raptors,Chris Boucher,28,0,163,34,76,0.447,12,37,0.324,22,39,0.564,0.526,13,15,0.867,16,40,56,2,6,24,7,31,93
Eastern,Atlantic,Toronto Raptors,Jodie Meeks,8,0,104,21,39,0.538,8,18,0.444,13,21,0.619,0.641,1,1,1,1,11,12,8,1,1,2,5,51
Eastern,Atlantic,Toronto Raptors,Malachi Richardson,22,0,103,9,29,0.31,8,25,0.32,1,4,0.25,0.448,4,5,0.8,2,11,13,0,1,0,8,13,30
Eastern,Atlantic,Toronto Raptors,Malcolm Miller,10,0,67,11,26,0.423,10,21,0.476,1,5,0.2,0.615,3,4,0.75,1,4,5,1,1,1,1,5,35
Eastern,Atlantic,Toronto Raptors,Jordan Loyd,12,0,55,8,18,0.444,4,8,0.5,4,10,0.4,0.556,9,11,0.818,1,8,9,6,0,0,2,5,29
Eastern,Atlantic,Toronto Raptors,Eric Moreland,4,0,38,3,7,0.429,1,1,1,2,6,0.333,0.5,0,0,,4,13,17,4,1,1,5,8,7
Eastern,Atlantic,Philadelphia 76ers,Ben Simmons,79,79,2700,540,960,0.563,0,6,0,540,954,0.566,0.563,257,428,0.6,172,525,697,610,112,61,274,209,1337
Eastern,Atlantic,Philadelphia 76ers,J.J. Redick,76,63,2379,452,1027,0.44,240,605,0.397,212,422,0.502,0.557,228,255,0.894,20,166,186,206,32,17,101,129,1372
Eastern,Atlantic,Philadelphia 76ers,Joel Embiid,64,64,2154,580,1199,0.484,79,263,0.3,501,936,0.535,0.517,522,649,0.804,160,711,871,234,46,122,226,211,1761
Eastern,Atlantic,Philadelphia 76ers,Jimmy Butler,55,55,1824,344,747,0.461,50,148,0.338,294,599,0.491,0.494,264,304,0.868,105,185,290,220,99,29,81,93,1002
Eastern,Atlantic,Philadelphia 76ers,T.J. McConnell,76,3,1470,220,419,0.525,14,42,0.333,206,377,0.546,0.542,29,37,0.784,28,146,174,258,79,17,91,105,483
Eastern,Atlantic,Philadelphia 76ers,Landry Shamet,54,4,1108,153,347,0.441,99,245,0.404,54,102,0.529,0.584,44,54,0.815,14,64,78,59,24,8,26,106,449
Eastern,Atlantic,Philadelphia 76ers,Mike Muscala,47,6,1041,109,278,0.392,68,199,0.342,41,79,0.519,0.514,63,77,0.818,51,149,200,62,18,27,43,112,349
Eastern,Atlantic,Philadelphia 76ers,Wilson Chandler,36,32,951,91,207,0.44,46,118,0.39,45,89,0.506,0.551,13,18,0.722,44,124,168,72,22,18,39,94,241
Eastern,Atlantic,Philadelphia 76ers,Tobias Harris,27,27,944,187,399,0.469,44,135,0.326,143,264,0.542,0.524,74,88,0.841,32,181,213,79,11,13,42,61,492
Eastern,Atlantic,Philadelphia 76ers,Furkan Korkmaz,48,7,679,98,245,0.4,47,144,0.326,51,101,0.505,0.496,36,44,0.818,16,91,107,52,29,2,25,62,279
Eastern,Atlantic,Philadelphia 76ers,Mike Scott,27,3,647,76,190,0.4,49,119,0.412,27,71,0.38,0.529,10,15,0.667,19,83,102,22,9,5,17,68,211
Eastern,Atlantic,Philadelphia 76ers,Jonah Bolden,44,10,639,80,162,0.494,34,96,0.354,46,66,0.697,0.599,13,27,0.481,47,118,165,40,17,39,36,99,207
Eastern,Atlantic,Philadelphia 76ers,Amir Johnson,51,6,529,79,157,0.503,12,40,0.3,67,117,0.573,0.541,31,41,0.756,47,100,147,60,16,13,45,99,201
Eastern,Atlantic,Philadelphia 76ers,Robert Covington,13,13,440,50,117,0.427,30,77,0.39,20,40,0.5,0.556,17,23,0.739,7,60,67,14,24,23,22,45,147
Eastern,Atlantic,Philadelphia 76ers,Markelle Fultz,19,15,427,65,155,0.419,4,14,0.286,61,141,0.433,0.432,21,37,0.568,26,44,70,59,17,5,25,52,155
Eastern,Atlantic,Philadelphia 76ers,Dario Šarić,13,13,396,48,132,0.364,21,70,0.3,27,62,0.435,0.443,27,30,0.9,21,65,86,26,4,3,25,39,144
Eastern,Atlantic,Philadelphia 76ers,Boban Marjanović,22,3,305,75,120,0.625,4,8,0.5,71,112,0.634,0.642,26,36,0.722,32,81,113,32,5,10,22,33,180
Eastern,Atlantic,Philadelphia 76ers,James Ennis,18,2,281,34,83,0.41,11,36,0.306,23,47,0.489,0.476,16,23,0.696,23,42,65,14,3,7,11,39,95
Eastern,Atlantic,Philadelphia 76ers,Shake Milton,20,0,268,34,87,0.391,14,44,0.318,20,43,0.465,0.471,5,7,0.714,9,26,35,18,8,8,6,29,87
Eastern,Atlantic,Philadelphia 76ers,Jonathon Simmons,15,0,219,29,64,0.453,9,21,0.429,20,43,0.465,0.523,16,25,0.64,4,22,26,33,11,1,12,21,83
Eastern,Atlantic,Philadelphia 76ers,Corey Brewer,7,3,140,20,49,0.408,4,14,0.286,16,35,0.457,0.449,9,13,0.692,4,13,17,10,12,2,8,16,53
Eastern,Atlantic,Philadelphia 76ers,Zhaire Smith,6,2,111,14,34,0.412,6,16,0.375,8,18,0.444,0.5,6,8,0.75,3,10,13,10,2,2,6,8,40
Eastern,Atlantic,Philadelphia 76ers,Greg Monroe,3,0,52,15,23,0.652,1,1,1,14,22,0.636,0.674,10,11,0.909,4,9,13,7,1,0,1,5,41
Eastern,Atlantic,Philadelphia 76ers,Haywood Highsmith,5,0,40,4,10,0.4,1,5,0.2,3,5,0.6,0.45,0,2,0,0,5,5,2,1,0,1,1,9
Eastern,Atlantic,Philadelphia 76ers,Demetrius Jackson,6,0,39,8,15,0.533,2,6,0.333,6,9,0.667,0.6,4,4,1,2,1,3,5,2,0,1,4,22
Eastern,Atlantic,Philadelphia 76ers,Justin Patton,3,0,21,2,7,0.286,0,2,0,2,5,0.4,0.286,1,2,0.5,2,4,6,3,2,0,0,5,5
Eastern,Atlantic,Brooklyn Nets,D'Angelo Russell,81,81,2448,659,1517,0.434,234,635,0.369,425,882,0.482,0.512,160,205,0.78,53,262,315,563,100,20,253,141,1712
Eastern,Atlantic,Brooklyn Nets,Joe Harris,76,76,2293,374,748,0.5,183,386,0.474,191,362,0.528,0.622,110,133,0.827,52,239,291,181,38,17,121,182,1041
Eastern,Atlantic,Brooklyn Nets,Jarrett Allen,80,80,2096,335,568,0.59,6,45,0.133,329,523,0.629,0.595,197,278,0.709,191,481,672,110,43,120,103,184,873
Eastern,Atlantic,Brooklyn Nets,Spencer Dinwiddie,68,4,1914,366,828,0.442,124,370,0.335,242,458,0.528,0.517,287,356,0.806,26,140,166,311,40,17,152,187,1143
Eastern,Atlantic,Brooklyn Nets,DeMarre Carroll,67,8,1703,227,575,0.395,106,310,0.342,121,265,0.457,0.487,184,242,0.76,68,281,349,85,31,10,73,114,744
Eastern,Atlantic,Brooklyn Nets,Ed Davis,81,1,1446,186,302,0.616,0,2,0,186,300,0.62,0.616,100,162,0.617,216,478,694,61,35,33,64,226,472
Eastern,Atlantic,Brooklyn Nets,Rodions Kurucs,63,46,1294,202,449,0.45,58,184,0.315,144,265,0.543,0.514,72,92,0.783,56,190,246,52,41,25,77,146,534
Eastern,Atlantic,Brooklyn Nets,Rondae Hollis-Jefferson,59,21,1234,200,487,0.411,9,49,0.184,191,438,0.436,0.42,118,183,0.645,83,227,310,96,44,27,68,107,527
Eastern,Atlantic,Brooklyn Nets,Jared Dudley,59,25,1220,101,239,0.423,53,151,0.351,48,88,0.545,0.533,32,46,0.696,34,121,155,83,36,16,43,131,287
Eastern,Atlantic,Brooklyn Nets,Allen Crabbe,43,20,1133,137,373,0.367,98,259,0.378,39,114,0.342,0.499,41,56,0.732,16,132,148,46,23,13,46,102,413
Eastern,Atlantic,Brooklyn Nets,Caris LeVert,40,25,1063,207,483,0.429,48,154,0.312,159,329,0.483,0.478,85,123,0.691,35,116,151,156,42,14,69,77,547
Eastern,Atlantic,Brooklyn Nets,Shabazz Napier,56,2,983,169,435,0.389,76,228,0.333,93,207,0.449,0.476,115,138,0.833,18,82,100,143,41,16,66,67,529
Eastern,Atlantic,Brooklyn Nets,Treveon Graham,35,21,715,64,191,0.335,38,128,0.297,26,63,0.413,0.435,18,22,0.818,23,84,107,34,13,7,17,68,184
Eastern,Atlantic,Brooklyn Nets,Theo Pinson,18,0,211,25,73,0.342,12,46,0.261,13,27,0.481,0.425,19,22,0.864,4,32,36,21,6,0,18,15,81
Eastern,Atlantic,Brooklyn Nets,Kenneth Faried,12,0,118,25,42,0.595,1,5,0.2,24,37,0.649,0.607,10,16,0.625,15,29,44,2,2,4,6,8,61
Eastern,Atlantic,Brooklyn Nets,Džanan Musa,9,0,39,9,22,0.409,1,10,0.1,8,12,0.667,0.432,0,2,0,1,4,5,2,2,0,4,1,19
Eastern,Atlantic,Brooklyn Nets,Mitch Creek,4,0,36,5,10,0.5,0,1,0,5,9,0.556,0.5,5,7,0.714,5,5,10,5,1,0,0,3,15
Eastern,Atlantic,Brooklyn Nets,Alan Williams,5,0,26,8,13,0.615,0,1,0,8,12,0.667,0.615,2,4,0.5,4,15,19,3,1,0,1,2,18
Eastern,Atlantic,Brooklyn Nets,Tahjere McCall,1,0,8,2,3,0.667,0,1,0,2,2,1,0.667,0,1,0,0,1,1,0,0,0,0,2,4
Eastern,Atlantic,New York Knicks,Kevin Knox,75,57,2158,338,914,0.37,125,364,0.343,213,550,0.387,0.438,162,226,0.717,61,274,335,82,43,24,114,175,963
Eastern,Atlantic,New York Knicks,Damyean Dotson,73,40,2004,290,698,0.415,126,342,0.368,164,356,0.461,0.506,73,98,0.745,34,228,262,135,58,10,71,135,779
Eastern,Atlantic,New York Knicks,Noah Vonleh,68,57,1722,207,440,0.47,46,137,0.336,161,303,0.531,0.523,111,156,0.712,113,415,528,129,46,51,88,174,571
Eastern,Atlantic,New York Knicks,Emmanuel Mudiay,59,42,1607,330,740,0.446,69,210,0.329,261,530,0.492,0.493,144,186,0.774,33,163,196,228,43,19,140,103,873
Eastern,Atlantic,New York Knicks,Tim Hardaway,46,46,1499,282,726,0.388,117,337,0.347,165,389,0.424,0.469,199,233,0.854,26,135,161,122,42,6,81,106,880
Eastern,Atlantic,New York Knicks,Allonzo Trier,64,3,1459,232,518,0.448,52,132,0.394,180,386,0.466,0.498,179,223,0.803,31,166,197,119,28,14,116,117,695
Eastern,Atlantic,New York Knicks,Mitchell Robinson,66,19,1360,202,291,0.694,0,0,,202,291,0.694,0.694,81,135,0.6,177,246,423,37,52,161,35,217,485
Eastern,Atlantic,New York Knicks,Mario Hezonja,58,24,1206,191,464,0.412,42,152,0.276,149,312,0.478,0.457,87,114,0.763,28,211,239,88,57,8,88,110,511
Eastern,Atlantic,New York Knicks,Enes Kanter,44,23,1128,251,468,0.536,7,22,0.318,244,446,0.547,0.544,105,129,0.814,171,290,461,84,18,17,79,106,614
Eastern,Atlantic,New York Knicks,Frank Ntilikina,43,16,904,95,282,0.337,33,115,0.287,62,167,0.371,0.395,23,30,0.767,12,75,87,121,30,14,56,104,246
Eastern,Atlantic,New York Knicks,Luke Kornet,46,18,784,107,283,0.378,70,193,0.363,37,90,0.411,0.502,38,46,0.826,28,107,135,54,27,42,25,41,322
Eastern,Atlantic,New York Knicks,Lance Thomas,46,17,783,78,197,0.396,22,79,0.278,56,118,0.475,0.452,27,36,0.75,21,96,117,27,17,7,24,83,205
Eastern,Atlantic,New York Knicks,Trey Burke,33,7,689,148,358,0.413,30,86,0.349,118,272,0.434,0.455,62,75,0.827,15,47,62,94,21,5,29,33,388
Eastern,Atlantic,New York Knicks,Dennis Smith,21,18,600,121,293,0.413,24,83,0.289,97,210,0.462,0.454,42,74,0.568,14,44,58,114,27,9,54,47,308
Eastern,Atlantic,New York Knicks,DeAndre Jordan,19,19,493,78,123,0.634,0,0,,78,123,0.634,0.634,51,66,0.773,64,152,216,57,9,20,42,42,207
Eastern,Atlantic,New York Knicks,Kadeem Allen,19,1,416,65,141,0.461,17,36,0.472,48,105,0.457,0.521,42,54,0.778,8,43,51,76,16,4,26,46,189
Eastern,Atlantic,New York Knicks,John Jenkins,22,0,319,40,103,0.388,20,56,0.357,20,47,0.426,0.485,15,18,0.833,6,30,36,21,0,2,9,10,115
Eastern,Atlantic,New York Knicks,Henry Ellenson,17,0,234,35,85,0.412,15,34,0.441,20,51,0.392,0.5,17,23,0.739,5,52,57,15,7,2,9,25,102
Eastern,Atlantic,New York Knicks,Courtney Lee,12,2,160,21,47,0.447,5,16,0.313,16,31,0.516,0.5,9,14,0.643,6,21,27,16,8,2,5,13,56
Eastern,Atlantic,New York Knicks,Ron Baker,11,0,107,4,16,0.25,1,9,0.111,3,7,0.429,0.281,5,6,0.833,1,6,7,13,5,0,3,16,14
Eastern,Atlantic,New York Knicks,Billy Garrett,4,0,63,11,27,0.407,0,8,0,11,19,0.579,0.407,4,4,1,0,3,3,7,1,1,2,3,26
Eastern,Atlantic,New York Knicks,Wesley Matthews,2,1,54,4,19,0.211,2,10,0.2,2,9,0.222,0.263,4,5,0.8,1,2,3,5,1,1,2,2,14
Eastern,Atlantic,New York Knicks,Isaiah Hicks,3,0,32,4,8,0.5,0,0,,4,8,0.5,0.5,4,5,0.8,2,5,7,2,1,3,1,5,12
Eastern,Central,Milwaukee Bucks,Khris Middleton,77,77,2393,506,1148,0.441,179,474,0.378,327,674,0.485,0.519,216,258,0.837,50,411,461,331,80,7,174,172,1407
Eastern,Central,Milwaukee Bucks,Giannis Antetokounmpo,72,72,2358,721,1247,0.578,52,203,0.256,669,1044,0.641,0.599,500,686,0.729,159,739,898,424,92,110,268,232,1994
Eastern,Central,Milwaukee Bucks,Brook Lopez,81,81,2322,355,786,0.452,187,512,0.365,168,274,0.613,0.571,112,133,0.842,33,363,396,98,51,179,82,189,1009
Eastern,Central,Milwaukee Bucks,Eric Bledsoe,78,78,2272,470,971,0.484,124,377,0.329,346,594,0.582,0.548,177,236,0.75,82,280,362,430,116,29,165,156,1241
Eastern,Central,Milwaukee Bucks,Malcolm Brogdon,64,64,1832,378,748,0.505,104,244,0.426,274,504,0.544,0.575,141,152,0.928,65,223,288,205,46,13,91,102,1001
Eastern,Central,Milwaukee Bucks,Tony Snell,74,12,1304,163,361,0.452,81,204,0.397,82,157,0.522,0.564,37,42,0.881,29,128,157,68,26,18,23,90,444
Eastern,Central,Milwaukee Bucks,Pat Connaughton,61,2,1261,163,350,0.466,66,200,0.33,97,150,0.647,0.56,29,40,0.725,61,197,258,122,33,25,33,81,421
Eastern,Central,Milwaukee Bucks,Ersan İlyasova,67,7,1231,167,381,0.438,58,160,0.363,109,221,0.493,0.514,61,74,0.824,94,208,302,52,32,20,48,172,453
Eastern,Central,Milwaukee Bucks,Sterling Brown,58,7,1034,145,312,0.465,53,147,0.361,92,165,0.558,0.55,29,42,0.69,29,155,184,84,25,8,46,88,372
Eastern,Central,Milwaukee Bucks,George Hill,47,0,958,115,269,0.428,35,125,0.28,80,144,0.556,0.493,53,65,0.815,27,94,121,99,40,7,31,67,318
Eastern,Central,Milwaukee Bucks,D.J. Wilson,48,3,882,104,251,0.414,46,127,0.362,58,124,0.468,0.506,26,47,0.553,45,177,222,52,18,20,32,85,280
Eastern,Central,Milwaukee Bucks,Donte DiVincenzo,27,0,411,50,124,0.403,22,83,0.265,28,41,0.683,0.492,9,12,0.75,16,49,65,31,13,6,19,38,131
Eastern,Central,Milwaukee Bucks,Thon Maker,35,0,409,59,134,0.44,26,78,0.333,33,56,0.589,0.537,20,37,0.541,17,79,96,18,10,18,9,55,164
Eastern,Central,Milwaukee Bucks,Nikola Mirotić,14,3,320,56,135,0.415,31,87,0.356,25,48,0.521,0.53,20,23,0.87,14,61,75,20,10,9,11,21,163
Eastern,Central,Milwaukee Bucks,Tim Frazier,12,2,211,28,66,0.424,10,24,0.417,18,42,0.429,0.5,9,13,0.692,9,22,31,42,5,1,16,19,75
Eastern,Central,Milwaukee Bucks,John Henson,14,0,188,31,67,0.463,11,31,0.355,20,36,0.556,0.545,6,10,0.6,16,55,71,14,7,11,12,16,79
Eastern,Central,Milwaukee Bucks,Bonzie Colson,8,2,98,13,39,0.333,5,21,0.238,8,18,0.444,0.397,8,9,0.889,8,22,30,3,5,1,3,3,39
Eastern,Central,Milwaukee Bucks,Matthew Dellavedova,12,0,97,6,19,0.316,4,11,0.364,2,8,0.25,0.421,4,4,1,0,10,10,29,2,0,11,9,20
Eastern,Central,Milwaukee Bucks,Christian Wood,13,0,62,12,25,0.48,3,5,0.6,9,20,0.45,0.54,10,15,0.667,4,16,20,2,0,0,3,3,37
Eastern,Central,Milwaukee Bucks,Jason Smith,6,0,40,4,13,0.308,3,9,0.333,1,4,0.25,0.423,2,2,1,3,8,11,1,2,2,5,6,13
Eastern,Central,Milwaukee Bucks,Isaiah Canaan,4,0,31,2,6,0.333,2,5,0.4,0,1,0,0.5,0,0,,1,3,4,3,0,1,2,2,6
Eastern,Central,Milwaukee Bucks,Pau Gasol,3,0,30,1,6,0.167,1,3,0.333,0,3,0,0.25,1,2,0.5,0,10,10,2,0,1,2,1,4
Eastern,Central,Milwaukee Bucks,Jaylen Morris,4,0,29,4,10,0.4,1,3,0.333,3,7,0.429,0.45,1,2,0.5,0,5,5,4,2,0,1,1,10
Eastern,Central,Milwaukee Bucks,Trevon Duval,3,0,6,2,3,0.667,1,1,1,1,2,0.5,0.833,0,0,,0,1,1,2,0,0,0,0,5
Eastern,Central,Indiana Pacers,Bojan Bogdanović,81,81,2573,522,1051,0.497,164,386,0.425,358,665,0.538,0.575,246,305,0.807,33,300,333,161,69,1,134,138,1454
Eastern,Central,Indiana Pacers,Thaddeus Young,81,81,2489,443,841,0.527,51,146,0.349,392,695,0.564,0.557,87,135,0.644,192,331,523,204,123,36,123,194,1024
Eastern,Central,Indiana Pacers,Darren Collison,76,76,2143,308,659,0.467,79,194,0.407,229,465,0.492,0.527,158,190,0.832,36,196,232,459,110,9,125,138,853
Eastern,Central,Indiana Pacers,Myles Turner,74,74,2119,380,780,0.487,76,196,0.388,304,584,0.521,0.536,148,201,0.736,101,430,531,115,60,199,100,195,984
Eastern,Central,Indiana Pacers,Cory Joseph,82,9,2063,226,548,0.412,55,171,0.322,171,377,0.454,0.463,30,43,0.698,39,240,279,321,94,22,80,131,537
Eastern,Central,Indiana Pacers,Domantas Sabonis,74,5,1838,413,700,0.59,9,17,0.529,404,683,0.592,0.596,208,291,0.715,186,504,690,212,48,30,160,239,1043
Eastern,Central,Indiana Pacers,Tyreke Evans,69,18,1402,257,660,0.389,77,216,0.356,180,444,0.405,0.448,115,160,0.719,33,168,201,166,58,18,118,117,706
Eastern,Central,Indiana Pacers,Doug McDermott,77,1,1340,207,422,0.491,84,206,0.408,123,216,0.569,0.59,66,79,0.835,17,92,109,67,18,8,42,104,564
Eastern,Central,Indiana Pacers,Victor Oladipo,36,36,1147,249,588,0.423,74,216,0.343,175,372,0.47,0.486,103,141,0.73,21,181,202,186,60,11,82,72,675
Eastern,Central,Indiana Pacers,Wesley Matthews,23,23,725,81,210,0.386,48,130,0.369,33,80,0.413,0.5,41,48,0.854,11,54,65,55,20,4,31,56,251
Eastern,Central,Indiana Pacers,Aaron Holiday,50,0,646,105,262,0.401,43,127,0.339,62,135,0.459,0.483,41,50,0.82,5,62,67,87,21,13,40,71,294
Eastern,Central,Indiana Pacers,T.J. Leaf,58,1,522,99,183,0.541,8,31,0.258,91,152,0.599,0.563,19,31,0.613,43,82,125,24,9,19,12,35,225
Eastern,Central,Indiana Pacers,Kyle O'Quinn,45,3,371,69,136,0.507,1,12,0.083,68,124,0.548,0.511,17,21,0.81,29,90,119,56,9,25,31,68,156
Eastern,Central,Indiana Pacers,Edmond Sumner,23,2,210,22,64,0.344,7,27,0.259,15,37,0.405,0.398,15,24,0.625,9,15,24,10,12,5,10,26,66
Eastern,Central,Indiana Pacers,Alize Johnson,14,0,64,4,16,0.25,1,2,0.5,3,14,0.214,0.281,4,8,0.5,4,15,19,1,1,3,0,7,13
Eastern,Central,Indiana Pacers,Davon Reed,10,0,47,5,12,0.417,2,4,0.5,3,8,0.375,0.5,0,0,,2,4,6,3,1,0,1,3,12
Eastern,Central,Indiana Pacers,Ike Anigbogu,3,0,6,0,3,0,0,0,,0,3,0,0,0,0,,1,2,3,1,0,1,1,0,0
Eastern,Central,Detroit Pistons,Andre Drummond,79,79,2647,561,1052,0.533,5,38,0.132,556,1014,0.548,0.536,243,412,0.59,423,809,1232,112,136,138,175,272,1370
Eastern,Central,Detroit Pistons,Blake Griffin,75,75,2622,619,1341,0.462,189,522,0.362,430,819,0.525,0.532,414,550,0.753,100,465,565,402,52,28,253,199,1841
Eastern,Central,Detroit Pistons,Reggie Jackson,82,82,2289,441,1047,0.421,174,471,0.369,267,576,0.464,0.504,204,236,0.864,45,171,216,344,55,9,148,208,1260
Eastern,Central,Detroit Pistons,Langston Galloway,80,4,1745,228,587,0.388,135,380,0.355,93,207,0.449,0.503,81,96,0.844,49,122,171,85,37,8,24,135,672
Eastern,Central,Detroit Pistons,Bruce Brown,74,56,1449,125,314,0.398,24,93,0.258,101,221,0.457,0.436,45,60,0.75,48,137,185,91,40,36,46,178,319
Eastern,Central,Detroit Pistons,Luke Kennard,63,10,1437,228,520,0.438,106,269,0.394,122,251,0.486,0.54,51,61,0.836,12,171,183,114,26,10,57,92,613
Eastern,Central,Detroit Pistons,Reggie Bullock,44,44,1355,182,441,0.413,114,294,0.388,68,147,0.463,0.542,56,64,0.875,20,103,123,109,24,5,54,79,534
Eastern,Central,Detroit Pistons,Ish Smith,56,0,1251,205,489,0.419,44,135,0.326,161,354,0.455,0.464,47,62,0.758,23,122,145,203,28,11,61,109,501
Eastern,Central,Detroit Pistons,Stanley Johnson,48,7,961,133,349,0.381,51,181,0.282,82,168,0.488,0.454,41,51,0.804,25,150,175,60,48,13,55,92,358
Eastern,Central,Detroit Pistons,Zaza Pachulia,68,3,878,85,193,0.44,0,4,0,85,189,0.45,0.44,97,124,0.782,99,166,265,91,31,17,57,151,267
Eastern,Central,Detroit Pistons,Wayne Ellington,28,26,764,115,273,0.421,81,217,0.373,34,56,0.607,0.57,25,33,0.758,8,52,60,43,30,3,26,52,336
Eastern,Central,Detroit Pistons,José Calderón,49,0,632,45,120,0.375,14,57,0.246,31,63,0.492,0.433,9,11,0.818,11,49,60,115,16,3,35,64,113
Eastern,Central,Detroit Pistons,Glenn Robinson,47,18,610,74,176,0.42,18,62,0.29,56,114,0.491,0.472,32,40,0.8,17,54,71,21,14,8,18,45,198
Eastern,Central,Detroit Pistons,Thon Maker,29,5,563,50,134,0.373,23,75,0.307,27,59,0.458,0.459,36,47,0.766,24,82,106,27,11,33,24,50,159
Eastern,Central,Detroit Pistons,Jon Leuer,41,1,402,66,113,0.584,1,11,0.091,65,102,0.637,0.588,23,31,0.742,27,70,97,14,12,4,23,60,156
Eastern,Central,Detroit Pistons,Khyri Thomas,26,0,195,22,69,0.319,10,35,0.286,12,34,0.353,0.391,7,11,0.636,4,16,20,8,7,5,4,22,61
Eastern,Central,Detroit Pistons,Henry Ellenson,2,0,25,4,10,0.4,2,4,0.5,2,6,0.333,0.5,2,2,1,0,9,9,1,0,0,0,2,12
Eastern,Central,Detroit Pistons,Sviatoslav Mykhailiuk,3,0,20,2,8,0.25,2,4,0.5,0,4,0,0.375,0,0,,1,1,2,4,1,0,1,0,6
Eastern,Central,Detroit Pistons,Kalin Lucas,1,0,6,0,1,0,0,1,0,0,0,,0,2,2,1,0,3,3,1,0,0,0,1,2
Eastern,Central,Detroit Pistons,Zach Lofton,1,0,4,0,1,0,0,1,0,0,0,,0,0,0,,0,0,0,0,1,0,1,0,0
Eastern,Central,Chicago Bulls,Zach LaVine,63,62,2171,530,1135,0.467,120,321,0.374,410,814,0.504,0.52,312,375,0.832,40,254,294,283,60,26,215,140,1492
Eastern,Central,Chicago Bulls,Ryan Arcidiacono,81,32,1961,187,418,0.447,81,217,0.373,106,201,0.527,0.544,89,102,0.873,27,192,219,269,65,4,63,171,544
Eastern,Central,Chicago Bulls,Lauri Markkanen,52,51,1682,342,795,0.43,120,332,0.361,222,463,0.479,0.506,170,195,0.872,74,396,470,75,37,33,85,122,974
Eastern,Central,Chicago Bulls,Robin Lopez,74,36,1606,304,535,0.568,7,31,0.226,297,504,0.589,0.575,89,123,0.724,140,146,286,89,11,78,96,124,704
Eastern,Central,Chicago Bulls,Shaquille Harrison,73,11,1430,184,426,0.432,24,89,0.27,160,337,0.475,0.46,82,123,0.667,33,189,222,139,89,30,60,124,474
Eastern,Central,Chicago Bulls,Kris Dunn,46,44,1389,215,506,0.425,34,96,0.354,181,410,0.441,0.458,55,69,0.797,19,168,187,277,68,21,104,166,519
Eastern,Central,Chicago Bulls,Justin Holiday,38,38,1325,151,394,0.383,97,270,0.359,54,124,0.435,0.506,41,46,0.891,19,150,169,85,67,21,47,79,440
Eastern,Central,Chicago Bulls,Wendell Carter,44,44,1110,180,371,0.485,6,32,0.188,174,339,0.513,0.493,89,112,0.795,87,220,307,78,26,58,65,152,455
Eastern,Central,Chicago Bulls,Jabari Parker,39,17,1042,220,464,0.474,37,114,0.325,183,350,0.523,0.514,79,108,0.731,41,200,241,84,23,14,84,87,556
Eastern,Central,Chicago Bulls,Wayne Selden,43,13,984,131,322,0.407,35,111,0.315,96,211,0.455,0.461,45,63,0.714,21,115,136,73,23,7,56,83,342
Eastern,Central,Chicago Bulls,Chandler Hutchison,44,14,895,96,209,0.459,14,50,0.28,82,159,0.516,0.493,23,38,0.605,31,154,185,34,23,6,25,59,229
Eastern,Central,Chicago Bulls,Antonio Blakeney,57,3,829,166,396,0.419,36,91,0.396,130,305,0.426,0.465,50,76,0.658,7,99,106,42,12,9,35,41,418
Eastern,Central,Chicago Bulls,Cristiano Felício,60,0,746,95,179,0.531,0,4,0,95,175,0.543,0.531,50,73,0.685,79,139,218,37,11,7,33,69,240
Eastern,Central,Chicago Bulls,Timothé Luwawu-Cabarrot,29,6,546,69,175,0.394,31,94,0.33,38,81,0.469,0.483,27,35,0.771,7,72,79,22,15,7,16,59,196
Eastern,Central,Chicago Bulls,Cameron Payne,31,12,536,69,168,0.411,16,59,0.271,53,109,0.486,0.458,22,25,0.88,10,43,53,83,20,6,34,49,176
Eastern,Central,Chicago Bulls,Bobby Portis,22,6,531,122,271,0.45,27,72,0.375,95,199,0.477,0.5,39,50,0.78,46,115,161,29,11,8,29,61,310
Eastern,Central,Chicago Bulls,Otto Porter,15,15,492,97,201,0.483,39,80,0.488,58,121,0.479,0.58,29,32,0.906,14,69,83,40,18,9,25,29,262
Eastern,Central,Chicago Bulls,Brandon Sampson,14,2,214,28,60,0.467,11,29,0.379,17,31,0.548,0.558,4,6,0.667,3,13,16,10,8,3,12,19,71
Eastern,Central,Chicago Bulls,Walt Lemon,6,3,167,38,87,0.437,2,5,0.4,36,82,0.439,0.448,8,11,0.727,4,23,27,30,11,1,10,14,86
Eastern,Central,Chicago Bulls,JaKarr Sampson,4,0,127,29,54,0.537,5,14,0.357,24,40,0.6,0.583,17,21,0.81,5,27,32,4,4,3,4,8,80
Eastern,Central,Chicago Bulls,Rawle Alkins,10,1,120,13,39,0.333,3,12,0.25,10,27,0.37,0.372,8,12,0.667,11,15,26,13,1,0,8,7,37
Eastern,Central,Chicago Bulls,Tyler Ulis,1,0,1,0,0,,0,0,,0,0,,,0,0,,0,0,0,0,0,0,0,0,0
Eastern,Central,Cleveland Cavaliers,Collin Sexton,82,72,2605,519,1206,0.43,119,296,0.402,400,910,0.44,0.48,214,255,0.839,57,179,236,243,44,6,185,186,1371
Eastern,Central,Cleveland Cavaliers,Cedi Osman,76,75,2444,360,844,0.427,130,374,0.348,230,470,0.489,0.504,141,181,0.779,45,312,357,195,60,11,114,195,991
Eastern,Central,Cleveland Cavaliers,Jordan Clarkson,81,0,2214,529,1180,0.448,144,445,0.324,385,735,0.524,0.509,162,192,0.844,82,188,270,196,57,13,135,112,1364
Eastern,Central,Cleveland Cavaliers,Larry Nance,67,30,1795,249,479,0.52,33,98,0.337,216,381,0.567,0.554,96,134,0.716,168,384,552,214,100,40,97,192,627
Eastern,Central,Cleveland Cavaliers,Rodney Hood,45,45,1234,194,454,0.427,55,152,0.362,139,302,0.46,0.488,104,114,0.912,18,94,112,92,38,5,36,101,547
Eastern,Central,Cleveland Cavaliers,Tristan Thompson,43,40,1198,201,380,0.529,0,0,,201,380,0.529,0.529,68,106,0.642,173,265,438,86,28,16,59,89,470
Eastern,Central,Cleveland Cavaliers,Ante Žižić,59,25,1082,183,331,0.553,0,0,,183,331,0.553,0.553,93,132,0.705,108,212,320,53,13,22,61,113,459
Eastern,Central,Cleveland Cavaliers,David Nwaba,51,14,984,126,262,0.481,24,75,0.32,102,187,0.545,0.527,58,85,0.682,41,122,163,54,36,17,29,106,334
Eastern,Central,Cleveland Cavaliers,Alec Burks,34,24,979,136,340,0.4,45,119,0.378,91,221,0.412,0.466,79,98,0.806,26,160,186,98,25,16,46,62,396
Eastern,Central,Cleveland Cavaliers,Matthew Dellavedova,36,0,715,92,223,0.413,40,119,0.336,52,104,0.5,0.502,38,48,0.792,6,61,67,152,12,2,57,66,262
Eastern,Central,Cleveland Cavaliers,Brandon Knight,27,26,618,88,213,0.413,36,97,0.371,52,116,0.448,0.498,18,23,0.783,9,41,50,62,19,2,25,48,230
Eastern,Central,Cleveland Cavaliers,Kevin Love,22,21,598,109,283,0.385,53,147,0.361,56,136,0.412,0.479,103,114,0.904,33,206,239,48,6,5,42,54,374
Eastern,Central,Cleveland Cavaliers,Jaron Blossomgame,27,4,439,47,106,0.443,10,39,0.256,37,67,0.552,0.491,10,13,0.769,26,72,98,13,7,8,11,20,114
Eastern,Central,Cleveland Cavaliers,Marquese Chriss,27,2,395,56,146,0.384,15,57,0.263,41,89,0.461,0.435,26,38,0.684,33,81,114,16,15,7,24,64,153
Eastern,Central,Cleveland Cavaliers,George Hill,13,13,344,55,107,0.514,13,28,0.464,42,79,0.532,0.575,17,20,0.85,12,15,27,36,12,1,20,35,140
Eastern,Central,Cleveland Cavaliers,Nik Stauskas,24,0,342,40,109,0.367,27,63,0.429,13,46,0.283,0.491,25,28,0.893,8,39,47,19,7,3,11,19,132
Eastern,Central,Cleveland Cavaliers,Channing Frye,36,6,341,43,117,0.368,32,79,0.405,11,38,0.289,0.504,11,14,0.786,4,48,52,20,6,5,13,44,129
Eastern,Central,Cleveland Cavaliers,Kyle Korver,16,0,251,35,76,0.461,25,54,0.463,10,22,0.455,0.625,13,16,0.813,0,29,29,17,3,2,17,22,108
Eastern,Central,Cleveland Cavaliers,J.R. Smith,11,4,222,27,79,0.342,12,39,0.308,15,40,0.375,0.418,8,10,0.8,0,18,18,21,11,3,11,19,74
Eastern,Central,Cleveland Cavaliers,Jalen Jones,16,0,214,26,62,0.419,10,28,0.357,16,34,0.471,0.5,19,27,0.704,11,23,34,7,9,2,8,27,81
Eastern,Central,Cleveland Cavaliers,Deng Adel,19,3,194,11,36,0.306,6,23,0.261,5,13,0.385,0.389,4,4,1,3,16,19,5,1,4,6,13,32
Eastern,Central,Cleveland Cavaliers,Cameron Payne,9,1,176,27,55,0.491,9,25,0.36,18,30,0.6,0.573,11,16,0.688,3,16,19,23,8,3,11,15,74
Eastern,Central,Cleveland Cavaliers,Sam Dekker,9,5,169,22,48,0.458,5,13,0.385,17,35,0.486,0.51,8,10,0.8,9,24,33,9,11,0,5,13,57
Eastern,Central,Cleveland Cavaliers,Andrew Harrison,10,0,144,12,39,0.308,3,14,0.214,9,25,0.36,0.346,16,16,1,4,11,15,17,4,2,10,26,43
Eastern,Central,Cleveland Cavaliers,Patrick McCaw,3,0,53,2,9,0.222,1,4,0.25,1,5,0.2,0.278,0,0,,0,3,3,2,2,0,3,1,5
Eastern,Central,Cleveland Cavaliers,Kobi Simmons,1,0,2,0,0,,0,0,,0,0,,,0,0,,0,0,0,0,0,0,0,0,0
Eastern,Central,Cleveland Cavaliers,John Holland,1,0,1,0,0,,0,0,,0,0,,,0,0,,0,0,0,0,0,0,0,0,0
Eastern,Southeast,Orlando Magic,Aaron Gordon,78,78,2633,470,1046,0.449,121,347,0.349,349,699,0.499,0.507,185,253,0.731,129,445,574,289,57,56,162,172,1246
Eastern,Southeast,Orlando Magic,Evan Fournier,81,81,2553,468,1069,0.438,153,450,0.34,315,619,0.509,0.509,137,170,0.806,38,220,258,295,71,12,154,225,1226
Eastern,Southeast,Orlando Magic,Nikola Vučević,80,80,2510,701,1354,0.518,84,231,0.364,617,1123,0.549,0.549,179,227,0.789,224,736,960,307,81,89,159,157,1665
Eastern,Southeast,Orlando Magic,D.J. Augustin,81,81,2269,318,677,0.47,131,311,0.421,187,366,0.511,0.566,181,209,0.866,41,162,203,426,52,4,128,115,948
Eastern,Southeast,Orlando Magic,Terrence Ross,81,0,2150,440,1027,0.428,217,566,0.383,223,461,0.484,0.534,126,144,0.875,27,253,280,135,72,29,90,119,1223
Eastern,Southeast,Orlando Magic,Jonathan Isaac,75,64,1996,262,611,0.429,86,266,0.323,176,345,0.51,0.499,110,135,0.815,99,312,411,80,59,98,75,143,720
Eastern,Southeast,Orlando Magic,Wesley Iwundu,68,13,1233,113,274,0.412,29,79,0.367,84,195,0.431,0.465,84,103,0.816,37,147,184,73,28,22,44,123,339
Eastern,Southeast,Orlando Magic,Jerian Grant,60,1,939,92,220,0.418,40,110,0.364,52,110,0.473,0.509,26,40,0.65,19,79,98,156,44,6,51,78,250
Eastern,Southeast,Orlando Magic,Jonathon Simmons,41,9,845,104,286,0.364,19,83,0.229,85,203,0.419,0.397,56,72,0.778,23,77,100,95,18,14,56,68,283
Eastern,Southeast,Orlando Magic,Mo Bamba,47,1,766,117,243,0.481,21,70,0.3,96,173,0.555,0.525,37,63,0.587,64,169,233,39,13,64,43,102,292
Eastern,Southeast,Orlando Magic,Khem Birch,50,1,643,91,151,0.603,0,1,0,91,150,0.607,0.603,58,83,0.699,79,111,190,38,18,29,20,72,240
Eastern,Southeast,Orlando Magic,Isaiah Briscoe,39,0,559,55,138,0.399,11,34,0.324,44,104,0.423,0.438,15,26,0.577,5,69,74,87,11,2,31,66,136
Eastern,Southeast,Orlando Magic,Jarell Martin,42,1,328,43,104,0.413,20,57,0.351,23,47,0.489,0.51,9,11,0.818,11,62,73,18,3,8,11,51,115
Eastern,Southeast,Orlando Magic,Michael Carter-Williams,12,0,227,21,62,0.339,3,19,0.158,18,43,0.419,0.363,20,27,0.741,16,41,57,49,11,9,10,21,65
Eastern,Southeast,Orlando Magic,Amile Jefferson,12,0,68,10,16,0.625,0,0,,10,16,0.625,0.625,7,8,0.875,6,15,21,3,3,3,1,8,27
Eastern,Southeast,Orlando Magic,Melvin Frazier,10,0,44,7,21,0.333,0,6,0,7,15,0.467,0.333,1,4,0.25,3,2,5,1,1,0,1,6,15
Eastern,Southeast,Orlando Magic,Troy Caupain,4,0,16,4,8,0.5,2,3,0.667,2,5,0.4,0.625,0,0,,1,2,3,4,1,0,0,0,10
Eastern,Southeast,Charlotte Hornets,Kemba Walker,82,82,2863,731,1684,0.434,260,731,0.356,471,953,0.494,0.511,380,450,0.844,52,309,361,484,102,34,211,131,2102
Eastern,Southeast,Charlotte Hornets,Nicolas Batum,75,72,2354,253,562,0.45,116,298,0.389,137,264,0.519,0.553,77,89,0.865,71,319,390,247,71,43,117,140,699
Eastern,Southeast,Charlotte Hornets,Jeremy Lamb,79,55,2250,431,979,0.44,115,330,0.348,316,649,0.487,0.499,231,260,0.888,65,369,434,172,88,32,80,140,1208
Eastern,Southeast,Charlotte Hornets,Marvin Williams,75,75,2133,275,652,0.422,140,382,0.366,135,270,0.5,0.529,66,86,0.767,76,331,407,92,71,61,47,156,756
Eastern,Southeast,Charlotte Hornets,Miles Bridges,80,25,1696,237,511,0.464,65,200,0.325,172,311,0.553,0.527,58,77,0.753,67,256,323,95,55,49,50,111,597
Eastern,Southeast,Charlotte Hornets,Malik Monk,73,0,1258,227,586,0.387,109,330,0.33,118,256,0.461,0.48,90,102,0.882,16,121,137,117,37,19,86,106,653
Eastern,Southeast,Charlotte Hornets,Cody Zeller,49,47,1243,190,345,0.551,6,22,0.273,184,323,0.57,0.559,111,141,0.787,110,223,333,102,38,41,62,164,497
Eastern,Southeast,Charlotte Hornets,Michael Kidd-Gilchrist,64,3,1179,158,332,0.476,16,47,0.34,142,285,0.498,0.5,95,123,0.772,88,158,246,61,32,39,43,156,427
Eastern,Southeast,Charlotte Hornets,Tony Parker,56,0,1003,213,463,0.46,13,51,0.255,200,412,0.485,0.474,91,124,0.734,14,69,83,207,21,7,75,53,530
Eastern,Southeast,Charlotte Hornets,Willy Hernangómez,58,3,812,153,295,0.519,15,39,0.385,138,256,0.539,0.544,100,144,0.694,117,194,311,60,16,20,58,98,421
Eastern,Southeast,Charlotte Hornets,Bismack Biyombo,54,32,783,89,156,0.571,0,0,,89,156,0.571,0.571,58,91,0.637,81,166,247,33,11,41,34,103,236
Eastern,Southeast,Charlotte Hornets,Dwayne Bacon,43,13,759,122,257,0.475,38,87,0.437,84,170,0.494,0.549,34,46,0.739,8,81,89,47,12,5,18,72,316
Eastern,Southeast,Charlotte Hornets,Frank Kaminsky,47,0,755,138,298,0.463,50,139,0.36,88,159,0.553,0.547,79,107,0.738,39,124,163,63,12,12,41,68,405
Eastern,Southeast,Charlotte Hornets,Devonte' Graham,46,3,676,74,216,0.343,34,121,0.281,40,95,0.421,0.421,35,46,0.761,10,53,63,121,23,2,30,48,217
Eastern,Southeast,Charlotte Hornets,Shelvin Mack,4,0,42,2,14,0.143,0,2,0,2,12,0.167,0.143,5,9,0.556,0,2,2,1,2,0,4,3,9
Eastern,Southeast,Charlotte Hornets,J.P. Macura,2,0,17,3,9,0.333,0,4,0,3,5,0.6,0.333,0,0,,0,3,3,2,0,0,0,0,6
Eastern,Southeast,Charlotte Hornets,Joe Chealey,1,0,8,1,3,0.333,0,0,,1,3,0.333,0.333,0,0,,0,0,0,1,0,0,0,1,2
Eastern,Southeast,Miami Heat,Josh Richardson,73,73,2539,423,1026,0.412,164,460,0.357,259,566,0.458,0.492,199,231,0.861,54,209,263,298,79,34,113,200,1209
Eastern,Southeast,Miami Heat,Justise Winslow,66,52,1959,324,749,0.433,96,256,0.375,228,493,0.462,0.497,86,137,0.628,63,292,355,282,72,19,142,177,830
Eastern,Southeast,Miami Heat,Bam Adebayo,82,28,1913,280,486,0.576,3,15,0.2,277,471,0.588,0.579,166,226,0.735,165,432,597,184,71,65,121,203,729
Eastern,Southeast,Miami Heat,Dwyane Wade,72,2,1885,416,960,0.433,86,261,0.33,330,699,0.472,0.478,165,233,0.708,69,216,285,301,59,38,166,118,1083
Eastern,Southeast,Miami Heat,Kelly Olynyk,79,36,1812,261,564,0.463,113,319,0.354,148,245,0.604,0.563,152,185,0.822,72,303,375,140,53,37,114,183,787
Eastern,Southeast,Miami Heat,Hassan Whiteside,72,53,1674,388,680,0.571,2,16,0.125,386,664,0.581,0.572,109,243,0.449,257,560,817,56,46,136,97,192,887
Eastern,Southeast,Miami Heat,Rodney McGruder,66,45,1550,186,461,0.403,79,225,0.351,107,236,0.453,0.489,52,72,0.722,60,178,238,112,36,12,64,115,503
Eastern,Southeast,Miami Heat,James Johnson,55,33,1164,164,379,0.433,50,149,0.336,114,230,0.496,0.499,50,70,0.714,22,154,176,135,35,27,74,114,428
Eastern,Southeast,Miami Heat,Derrick Jones,60,14,1153,160,324,0.494,28,91,0.308,132,233,0.567,0.537,74,122,0.607,96,144,240,37,46,42,43,123,422
Eastern,Southeast,Miami Heat,Dion Waiters,44,28,1138,198,478,0.414,109,289,0.377,89,189,0.471,0.528,22,44,0.5,7,109,116,121,29,9,64,72,527
Eastern,Southeast,Miami Heat,Tyler Johnson,44,10,1123,171,401,0.426,72,204,0.353,99,197,0.503,0.516,61,88,0.693,19,102,121,112,40,21,63,72,475
Eastern,Southeast,Miami Heat,Goran Dragić,36,22,991,179,433,0.413,57,164,0.348,122,269,0.454,0.479,79,101,0.782,20,91,111,174,30,5,71,81,494
Eastern,Southeast,Miami Heat,Wayne Ellington,25,12,533,69,184,0.375,57,155,0.368,12,29,0.414,0.53,14,16,0.875,6,41,47,29,24,3,14,40,209
Eastern,Southeast,Miami Heat,Duncan Robinson,15,1,161,18,46,0.391,10,35,0.286,8,11,0.727,0.5,4,6,0.667,2,17,19,5,5,0,4,11,50
Eastern,Southeast,Miami Heat,Udonis Haslem,10,1,74,11,33,0.333,0,12,0,11,21,0.524,0.333,3,4,0.75,3,24,27,2,0,0,3,9,25
Eastern,Southeast,Miami Heat,Ryan Anderson,10,0,44,2,9,0.222,2,6,0.333,0,3,0,0.333,1,2,0.5,4,5,9,2,1,0,2,2,7
Eastern,Southeast,Miami Heat,Yante Maten,2,0,13,1,4,0.25,0,1,0,1,3,0.333,0.25,0,0,,1,2,3,0,1,0,0,0,2
Eastern,Southeast,Miami Heat,Emanuel Terry,1,0,3,0,1,0,0,0,,0,1,0,0,1,2,0.5,1,0,1,1,0,0,0,0,1
Eastern,Southeast,Washington Wizards,Bradley Beal,82,82,3028,764,1609,0.475,209,596,0.351,555,1013,0.548,0.54,362,448,0.808,89,322,411,448,121,58,224,226,2099
Eastern,Southeast,Washington Wizards,Tomáš Satoranský,80,54,2164,257,530,0.485,64,162,0.395,193,368,0.524,0.545,131,160,0.819,82,197,279,399,82,13,120,172,709
Eastern,Southeast,Washington Wizards,Jeff Green,77,44,2097,326,687,0.475,111,320,0.347,215,367,0.586,0.555,183,206,0.888,57,252,309,137,43,39,101,160,946
Eastern,Southeast,Washington Wizards,Thomas Bryant,72,53,1496,309,502,0.616,33,99,0.333,276,403,0.685,0.648,107,137,0.781,113,341,454,92,25,67,60,126,758
Eastern,Southeast,Washington Wizards,Trevor Ariza,43,43,1465,208,509,0.409,95,295,0.322,113,214,0.528,0.502,94,121,0.777,34,192,226,165,53,13,67,86,605
Eastern,Southeast,Washington Wizards,Otto Porter,41,28,1191,202,442,0.457,65,176,0.369,137,266,0.515,0.531,49,64,0.766,40,191,231,80,64,22,40,79,518
Eastern,Southeast,Washington Wizards,John Wall,32,32,1104,245,552,0.444,51,169,0.302,194,383,0.507,0.49,122,175,0.697,15,101,116,279,49,29,121,71,663
Eastern,Southeast,Washington Wizards,Markieff Morris,34,15,883,143,328,0.436,48,144,0.333,95,184,0.516,0.509,57,73,0.781,41,133,174,60,25,20,47,117,391
Eastern,Southeast,Washington Wizards,Bobby Portis,28,22,768,157,357,0.44,48,119,0.403,109,238,0.458,0.507,38,47,0.809,63,179,242,43,24,12,45,84,400
Eastern,Southeast,Washington Wizards,Kelly Oubre,29,7,755,132,305,0.433,41,132,0.311,91,173,0.526,0.5,68,85,0.8,24,105,129,20,27,20,30,71,373
Eastern,Southeast,Washington Wizards,Chasson Randle,49,2,743,91,217,0.419,46,115,0.4,45,102,0.441,0.525,43,62,0.694,10,46,56,97,25,3,43,91,271
Eastern,Southeast,Washington Wizards,Troy Brown,52,10,730,97,234,0.415,22,69,0.319,75,165,0.455,0.462,32,47,0.681,35,110,145,80,21,5,30,56,248
Eastern,Southeast,Washington Wizards,Austin Rivers,29,2,683,76,194,0.392,33,106,0.311,43,88,0.489,0.477,25,46,0.543,10,61,71,58,18,10,36,72,210
Eastern,Southeast,Washington Wizards,Jabari Parker,25,0,682,149,285,0.523,24,81,0.296,125,204,0.613,0.565,52,76,0.684,38,142,180,68,23,16,67,58,374
Eastern,Southeast,Washington Wizards,Sam Dekker,38,0,619,98,208,0.471,14,49,0.286,84,159,0.528,0.505,20,36,0.556,44,71,115,37,27,7,19,34,230
Eastern,Southeast,Washington Wizards,Ian Mahinmi,34,6,498,47,104,0.452,3,16,0.188,44,88,0.5,0.466,42,61,0.689,48,80,128,25,25,16,21,84,139
Eastern,Southeast,Washington Wizards,Jordan McRae,27,0,333,61,130,0.469,10,35,0.286,51,95,0.537,0.508,28,35,0.8,6,34,40,30,13,7,15,26,160
Eastern,Southeast,Washington Wizards,Dwight Howard,9,9,230,43,69,0.623,0,0,,43,69,0.623,0.623,29,48,0.604,24,59,83,4,7,4,16,34,115
Eastern,Southeast,Washington Wizards,Wesley Johnson,12,0,157,10,40,0.25,6,26,0.231,4,14,0.286,0.325,7,10,0.7,2,16,18,7,2,5,6,18,33
Eastern,Southeast,Washington Wizards,Jason Smith,12,1,130,15,37,0.405,4,10,0.4,11,27,0.407,0.459,10,12,0.833,11,26,37,12,1,5,7,21,44
Eastern,Southeast,Washington Wizards,Devin Robinson,7,0,95,19,32,0.594,0,2,0,19,30,0.633,0.594,9,14,0.643,6,14,20,6,4,6,2,11,47
Eastern,Southeast,Washington Wizards,Ron Baker,4,0,45,0,4,0,0,4,0,0,0,,0,0,0,,0,4,4,2,1,1,2,2,0
Eastern,Southeast,Washington Wizards,Gary Payton,3,0,16,5,8,0.625,1,2,0.5,4,6,0.667,0.688,0,0,,1,1,2,4,3,1,1,2,11
Eastern,Southeast,Washington Wizards,John Jenkins,4,0,14,2,2,1,2,2,1,0,0,,1.5,0,0,,0,1,1,1,0,0,0,0,6
Eastern,Southeast,Washington Wizards,Okaro White,3,0,6,0,2,0,0,2,0,0,0,,0,0,0,,1,1,2,0,0,0,0,0,0
Eastern,Southeast,Atlanta Hawks,Trae Young,81,81,2503,525,1256,0.418,156,482,0.324,369,774,0.477,0.48,343,414,0.829,64,237,301,653,72,15,308,140,1549
Eastern,Southeast,Atlanta Hawks,Kevin Huerter,75,59,2048,275,657,0.419,136,353,0.385,139,304,0.457,0.522,41,56,0.732,60,185,245,214,65,25,109,155,727
Eastern,Southeast,Atlanta Hawks,DeAndre' Bembry,82,15,1931,275,616,0.446,50,173,0.289,225,443,0.508,0.487,87,136,0.64,54,304,358,202,105,41,142,190,687
Eastern,Southeast,Atlanta Hawks,John Collins,61,59,1829,465,831,0.56,55,158,0.348,410,673,0.609,0.593,203,266,0.763,219,376,595,121,22,39,120,199,1188
Eastern,Southeast,Atlanta Hawks,Kent Bazemore,67,35,1643,278,691,0.402,96,300,0.32,182,391,0.465,0.472,127,175,0.726,37,224,261,152,89,42,121,170,779
Eastern,Southeast,Atlanta Hawks,Dewayne Dedmon,64,52,1609,259,526,0.492,83,217,0.382,176,309,0.57,0.571,92,113,0.814,105,375,480,90,69,71,84,214,693
Eastern,Southeast,Atlanta Hawks,Taurean Waller-Prince,55,47,1552,262,594,0.441,123,315,0.39,139,279,0.498,0.545,95,116,0.819,22,177,199,118,53,19,100,141,742
Eastern,Southeast,Atlanta Hawks,Alex Len,77,31,1544,320,648,0.494,74,204,0.363,246,444,0.554,0.551,140,216,0.648,158,266,424,86,27,69,97,200,854
Eastern,Southeast,Atlanta Hawks,Vince Carter,76,9,1330,196,468,0.419,123,316,0.389,73,152,0.48,0.55,47,66,0.712,31,163,194,87,44,27,48,141,562
Eastern,Southeast,Atlanta Hawks,Jeremy Lin,51,1,1003,180,386,0.466,44,132,0.333,136,254,0.535,0.523,142,168,0.845,16,103,119,181,38,7,98,96,546
Eastern,Southeast,Atlanta Hawks,Omari Spellman,46,11,805,98,244,0.402,44,128,0.344,54,116,0.466,0.492,32,45,0.711,72,122,194,47,26,25,31,67,272
Eastern,Southeast,Atlanta Hawks,Justin Anderson,48,4,463,64,157,0.408,24,77,0.312,40,80,0.5,0.484,26,35,0.743,24,60,84,23,22,13,23,48,178
Eastern,Southeast,Atlanta Hawks,Jaylen Adams,34,1,428,38,110,0.345,25,74,0.338,13,36,0.361,0.459,7,9,0.778,11,49,60,65,14,5,28,45,108
Eastern,Southeast,Atlanta Hawks,Alex Poythress,21,1,305,40,81,0.494,9,23,0.391,31,58,0.534,0.549,18,29,0.621,29,47,76,17,4,10,13,47,107
Eastern,Southeast,Atlanta Hawks,Tyler Dorsey,27,0,251,32,89,0.36,10,39,0.256,22,50,0.44,0.416,16,26,0.615,9,34,43,17,7,1,10,20,90
Eastern,Southeast,Atlanta Hawks,Daniel Hamilton,19,3,204,23,60,0.383,8,23,0.348,15,37,0.405,0.45,3,6,0.5,10,37,47,22,6,1,16,19,57
Eastern,Southeast,Atlanta Hawks,Miles Plumlee,18,0,173,32,48,0.667,0,0,,32,48,0.667,0.667,16,30,0.533,16,23,39,17,6,4,10,14,80
Eastern,Southeast,Atlanta Hawks,Deyonta Davis,9,0,118,15,22,0.682,0,1,0,15,21,0.714,0.682,6,10,0.6,10,26,36,5,3,5,3,12,36
Eastern,Southeast,Atlanta Hawks,Isaac Humphries,5,1,56,6,21,0.286,3,11,0.273,3,10,0.3,0.357,0,0,,4,7,11,0,1,0,0,7,15
Eastern,Southeast,Atlanta Hawks,B.J. Johnson,6,0,43,8,16,0.5,3,6,0.5,5,10,0.5,0.594,2,2,1,2,6,8,0,2,0,2,3,21
Eastern,Southeast,Atlanta Hawks,Tyler Zeller,2,0,11,0,2,0,0,1,0,0,1,0,0,0,0,,2,4,6,1,0,0,0,4,0
Eastern,Southeast,Atlanta Hawks,Jordan Sibert,1,0,4,1,1,1,1,1,1,0,0,,1.5,0,0,,0,0,0,0,0,0,0,0,3
Western,Northwest,Denver Nuggets,Nikola Jokić,80,80,2504,616,1206,0.511,83,270,0.307,533,936,0.569,0.545,289,352,0.821,228,637,865,580,108,55,248,228,1604
Western,Northwest,Denver Nuggets,Jamal Murray,75,74,2447,513,1173,0.437,152,414,0.367,361,759,0.476,0.502,189,223,0.848,65,252,317,363,67,27,158,153,1367
Western,Northwest,Denver Nuggets,Monte Morris,82,6,1970,346,702,0.493,94,227,0.414,252,475,0.531,0.56,65,81,0.802,35,159,194,297,73,4,52,102,851
Western,Northwest,Denver Nuggets,Paul Millsap,70,65,1895,322,665,0.484,58,159,0.365,264,506,0.522,0.528,181,249,0.727,153,352,505,141,83,54,95,183,883
Western,Northwest,Denver Nuggets,Malik Beasley,81,18,1879,349,737,0.474,163,405,0.402,186,332,0.56,0.584,56,66,0.848,35,165,200,97,55,10,55,116,917
Western,Northwest,Denver Nuggets,Mason Plumlee,82,17,1731,262,442,0.593,2,10,0.2,260,432,0.602,0.595,111,198,0.561,165,359,524,243,66,76,126,252,637
Western,Northwest,Denver Nuggets,Gary Harris,57,48,1639,270,637,0.424,82,242,0.339,188,395,0.476,0.488,115,144,0.799,41,119,160,127,55,19,68,113,737
Western,Northwest,Denver Nuggets,Torrey Craig,75,37,1503,160,362,0.442,61,188,0.324,99,174,0.569,0.526,49,70,0.7,89,174,263,72,37,46,44,175,430
Western,Northwest,Denver Nuggets,Juan Hernangómez,70,25,1358,138,314,0.439,66,181,0.365,72,133,0.541,0.545,66,86,0.767,64,201,265,55,27,24,37,94,408
Western,Northwest,Denver Nuggets,Will Barton,43,38,1189,185,460,0.402,67,196,0.342,118,264,0.447,0.475,57,74,0.77,32,167,199,124,18,22,65,82,494
Western,Northwest,Denver Nuggets,Trey Lyles,64,2,1120,207,495,0.418,51,200,0.255,156,295,0.529,0.47,81,116,0.698,44,202,246,87,30,23,68,93,546
Western,Northwest,Denver Nuggets,Isaiah Thomas,12,0,181,34,99,0.343,12,43,0.279,22,56,0.393,0.404,17,27,0.63,5,8,13,23,5,1,18,17,97
Western,Northwest,Denver Nuggets,Tyler Lydon,25,0,94,9,18,0.5,4,10,0.4,5,8,0.625,0.611,1,3,0.333,7,11,18,6,2,0,4,10,23
Western,Northwest,Denver Nuggets,Jarred Vanderbilt,17,0,69,9,19,0.474,0,1,0,9,18,0.5,0.474,6,10,0.6,7,16,23,3,6,1,8,8,24
Western,Northwest,Denver Nuggets,Brandon Goodwin,16,0,57,6,23,0.261,2,6,0.333,4,17,0.235,0.304,9,11,0.818,1,2,3,14,0,0,3,7,23
Western,Northwest,Denver Nuggets,Nick Young,4,0,37,3,9,0.333,3,8,0.375,0,1,0,0.5,0,0,,0,1,1,2,0,1,2,4,9
Western,Northwest,Denver Nuggets,Thomas Welsh,11,0,36,7,13,0.538,3,7,0.429,4,6,0.667,0.654,1,2,0.5,0,4,4,5,0,0,1,3,18
Western,Northwest,Denver Nuggets,DeVaughn Akoon-Purcell,7,0,22,3,10,0.3,0,4,0,3,6,0.5,0.3,1,2,0.5,1,3,4,6,2,0,2,4,7
Western,Northwest,Portland Trail Blazers,Damian Lillard,80,80,2838,681,1533,0.444,237,643,0.369,444,890,0.499,0.522,468,513,0.912,68,303,371,551,88,34,212,148,2067
Western,Northwest,Portland Trail Blazers,CJ McCollum,70,70,2375,571,1243,0.459,167,445,0.375,404,798,0.506,0.527,159,192,0.828,62,220,282,207,55,28,106,172,1468
Western,Northwest,Portland Trail Blazers,Al-Farouq Aminu,81,81,2292,257,593,0.433,96,280,0.343,161,313,0.514,0.514,150,173,0.867,112,498,610,104,68,33,72,143,760
Western,Northwest,Portland Trail Blazers,Jusuf Nurkić,72,72,1974,420,826,0.508,3,29,0.103,417,797,0.523,0.51,282,365,0.773,243,505,748,233,71,103,168,250,1125
Western,Northwest,Portland Trail Blazers,Evan Turner,73,2,1605,204,443,0.46,11,52,0.212,193,391,0.494,0.473,75,106,0.708,37,291,328,283,33,18,114,110,494
Western,Northwest,Portland Trail Blazers,Maurice Harkless,60,53,1415,189,388,0.487,33,120,0.275,156,268,0.582,0.53,49,73,0.671,77,192,269,74,67,53,45,163,460
Western,Northwest,Portland Trail Blazers,Seth Curry,74,2,1399,212,465,0.456,113,251,0.45,99,214,0.463,0.577,44,52,0.846,27,93,120,66,36,12,61,97,581
Western,Northwest,Portland Trail Blazers,Zach Collins,77,0,1356,189,400,0.473,40,121,0.331,149,279,0.534,0.523,94,126,0.746,109,215,324,71,25,66,77,174,512
Western,Northwest,Portland Trail Blazers,Jake Layman,71,33,1327,216,424,0.509,59,181,0.326,157,243,0.646,0.579,50,71,0.704,56,161,217,53,31,30,46,116,541
Western,Northwest,Portland Trail Blazers,Meyers Leonard,61,2,878,132,242,0.545,50,111,0.45,82,131,0.626,0.649,43,51,0.843,49,184,233,75,13,9,43,105,357
Western,Northwest,Portland Trail Blazers,Nik Stauskas,44,0,673,96,229,0.419,43,125,0.344,53,104,0.51,0.513,32,36,0.889,10,70,80,62,14,4,40,31,267
Western,Northwest,Portland Trail Blazers,Rodney Hood,27,4,659,98,217,0.452,29,84,0.345,69,133,0.519,0.518,33,41,0.805,7,38,45,34,21,7,19,45,258
Western,Northwest,Portland Trail Blazers,Enes Kanter,23,8,512,124,215,0.577,3,12,0.25,121,203,0.596,0.584,50,68,0.735,86,112,198,32,14,9,39,61,301
Western,Northwest,Portland Trail Blazers,Caleb Swanigan,18,0,145,14,44,0.318,1,5,0.2,13,39,0.333,0.33,6,7,0.857,13,39,52,7,4,0,16,22,35
Western,Northwest,Portland Trail Blazers,Anfernee Simons,20,1,141,28,63,0.444,10,29,0.345,18,34,0.529,0.524,9,16,0.563,3,10,13,13,1,0,11,9,75
Western,Northwest,Portland Trail Blazers,Gary Trent,15,1,111,16,50,0.32,5,21,0.238,11,29,0.379,0.37,3,7,0.429,1,10,11,5,1,2,4,4,40
Western,Northwest,Portland Trail Blazers,Wade Baldwin,16,0,94,10,33,0.303,2,9,0.222,8,24,0.333,0.333,8,11,0.727,2,13,15,12,1,2,14,11,30
Western,Northwest,Portland Trail Blazers,Skal Labissière,9,1,63,13,19,0.684,2,2,1,11,17,0.647,0.737,3,6,0.5,5,14,19,5,3,3,4,8,31
Western,Northwest,Utah Jazz,Donovan Mitchell,77,77,2598,661,1530,0.432,188,519,0.362,473,1011,0.468,0.493,319,396,0.806,59,257,316,322,106,31,218,208,1829
Western,Northwest,Utah Jazz,Rudy Gobert,81,80,2577,476,712,0.669,0,0,,476,712,0.669,0.669,332,522,0.636,309,732,1041,161,66,187,130,231,1284
Western,Northwest,Utah Jazz,Joe Ingles,82,82,2568,359,802,0.448,189,483,0.391,170,319,0.533,0.565,87,123,0.707,35,295,330,469,98,20,193,180,994
Western,Northwest,Utah Jazz,Jae Crowder,80,11,2166,318,797,0.399,173,522,0.331,145,275,0.527,0.508,142,197,0.721,60,324,384,133,64,31,85,170,951
Western,Northwest,Utah Jazz,Ricky Rubio,68,67,1899,295,730,0.404,79,254,0.311,216,476,0.454,0.458,195,228,0.855,33,210,243,416,91,10,180,180,864
Western,Northwest,Utah Jazz,Derrick Favors,76,70,1766,363,619,0.586,17,78,0.218,346,541,0.64,0.6,154,228,0.675,207,353,560,89,56,106,84,163,897
Western,Northwest,Utah Jazz,Royce O'Neale,82,16,1671,163,343,0.475,68,176,0.386,95,167,0.569,0.574,32,42,0.762,22,263,285,124,54,24,70,172,426
Western,Northwest,Utah Jazz,Kyle Korver,54,0,1083,166,407,0.408,113,294,0.384,53,113,0.469,0.547,47,57,0.825,9,124,133,64,22,10,42,84,492
Western,Northwest,Utah Jazz,Dante Exum,42,1,664,101,241,0.419,18,62,0.29,83,179,0.464,0.456,68,86,0.791,16,52,68,110,14,5,52,69,288
Western,Northwest,Utah Jazz,Thabo Sefolosha,50,2,609,71,149,0.477,34,78,0.436,37,71,0.521,0.591,14,22,0.636,8,115,123,27,43,5,25,41,190
Western,Northwest,Utah Jazz,Georges Niang,59,0,516,86,181,0.475,43,105,0.41,43,76,0.566,0.594,20,24,0.833,11,76,87,35,10,6,23,57,235
Western,Northwest,Utah Jazz,Raul Neto,37,1,474,74,161,0.46,20,60,0.333,54,101,0.535,0.522,28,33,0.848,6,56,62,93,14,4,35,49,196
Western,Northwest,Utah Jazz,Grayson Allen,38,2,416,67,178,0.376,32,99,0.323,35,79,0.443,0.466,45,60,0.75,3,20,23,25,6,6,33,47,211
Western,Northwest,Utah Jazz,Ekpe Udoh,51,1,320,50,72,0.694,0,0,,50,72,0.694,0.694,19,30,0.633,27,63,90,28,10,31,13,36,119
Western,Northwest,Utah Jazz,Alec Burks,17,0,269,47,114,0.412,16,43,0.372,31,71,0.437,0.482,33,38,0.868,2,25,27,20,6,4,15,22,143
Western,Northwest,Utah Jazz,Naz Mitrou-Long,14,0,84,6,20,0.3,2,11,0.182,4,9,0.444,0.35,2,2,1,1,5,6,15,1,1,8,10,16
Western,Northwest,Utah Jazz,Tyler Cavanaugh,11,0,39,3,10,0.3,1,5,0.2,2,5,0.4,0.35,2,2,1,3,5,8,1,0,0,1,3,9
Western,Northwest,Utah Jazz,Tony Bradley,3,0,36,8,16,0.5,0,0,,8,16,0.5,0.5,1,2,0.5,9,6,15,1,2,2,3,6,17
Western,Northwest,Oklahoma City Thunder,Paul George,77,77,2841,707,1614,0.438,292,757,0.386,415,857,0.484,0.529,453,540,0.839,105,523,628,318,170,34,205,214,2159
Western,Northwest,Oklahoma City Thunder,Steven Adams,80,80,2669,481,809,0.595,0,2,0,481,807,0.596,0.595,146,292,0.5,391,369,760,124,117,76,135,204,1108
Western,Northwest,Oklahoma City Thunder,Russell Westbrook,73,73,2630,630,1473,0.428,119,411,0.29,511,1062,0.481,0.468,296,451,0.656,109,698,807,784,142,33,325,245,1675
Western,Northwest,Oklahoma City Thunder,Jerami Grant,80,77,2612,409,823,0.497,115,293,0.392,294,530,0.555,0.567,157,221,0.71,96,321,417,79,61,100,67,214,1090
Western,Northwest,Oklahoma City Thunder,Dennis Schröder,79,14,2314,457,1104,0.414,124,364,0.341,333,740,0.45,0.47,186,227,0.819,38,246,284,323,65,12,172,189,1224
Western,Northwest,Oklahoma City Thunder,Terrance Ferguson,74,74,1931,185,431,0.429,106,290,0.366,79,141,0.56,0.552,37,51,0.725,33,108,141,72,40,16,47,231,513
Western,Northwest,Oklahoma City Thunder,Nerlens Noel,77,2,1055,162,276,0.587,0,0,,162,276,0.587,0.587,54,79,0.684,127,198,325,45,66,96,48,166,378
Western,Northwest,Oklahoma City Thunder,Patrick Patterson,63,5,861,82,219,0.374,46,137,0.336,36,82,0.439,0.479,19,30,0.633,42,105,147,31,16,13,22,46,229
Western,Northwest,Oklahoma City Thunder,Abdel Nader,61,1,694,91,215,0.423,32,100,0.32,59,115,0.513,0.498,27,36,0.75,14,102,116,20,20,12,26,68,241
Western,Northwest,Oklahoma City Thunder,Álex Abrines,31,2,588,56,157,0.357,41,127,0.323,15,30,0.5,0.487,12,13,0.923,5,43,48,20,17,6,14,53,165
Western,Northwest,Oklahoma City Thunder,Hamidou Diallo,51,3,526,75,165,0.455,4,24,0.167,71,141,0.504,0.467,36,59,0.61,38,59,97,17,21,10,23,77,190
Western,Northwest,Oklahoma City Thunder,Markieff Morris,24,1,387,61,156,0.391,20,59,0.339,41,97,0.423,0.455,14,19,0.737,20,71,91,19,11,2,7,58,156
Western,Northwest,Oklahoma City Thunder,Raymond Felton,33,0,379,55,135,0.407,20,61,0.328,35,74,0.473,0.481,12,13,0.923,4,30,34,52,10,6,14,29,142
Western,Northwest,Oklahoma City Thunder,Deonte Burton,32,0,240,33,82,0.402,8,27,0.296,25,55,0.455,0.451,8,12,0.667,4,24,28,9,6,8,9,31,82
Western,Northwest,Oklahoma City Thunder,Timothé Luwawu-Cabarrot,21,1,123,13,43,0.302,5,22,0.227,8,21,0.381,0.36,4,6,0.667,4,14,18,4,4,1,5,14,35
Western,Northwest,Oklahoma City Thunder,Donte Grantham,3,0,2,0,2,0,0,2,0,0,0,,0,0,0,,0,0,0,0,0,0,0,0,0
Western,Northwest,Oklahoma City Thunder,Tyler Davis,1,0,1,0,1,0,0,0,,0,1,0,0,0,0,,1,0,1,0,0,0,0,0,0
Western,Northwest,Oklahoma City Thunder,Jawun Evans,1,0,1,0,1,0,0,1,0,0,0,,0,0,0,,0,0,0,0,0,0,0,0,0
Western,Northwest,Minnesota Timberwolves,Karl-Anthony Towns,77,77,2545,681,1314,0.518,142,355,0.4,539,959,0.562,0.572,376,450,0.836,263,691,954,259,67,125,240,292,1880
Western,Northwest,Minnesota Timberwolves,Andrew Wiggins,73,73,2543,498,1209,0.412,118,348,0.339,380,861,0.441,0.461,207,296,0.699,83,269,352,184,70,48,138,153,1321
Western,Northwest,Minnesota Timberwolves,Josh Okogie,74,52,1757,196,508,0.386,60,215,0.279,136,293,0.464,0.445,118,162,0.728,41,177,218,91,88,33,63,166,570
Western,Northwest,Minnesota Timberwolves,Taj Gibson,70,57,1686,304,537,0.566,11,34,0.324,293,503,0.583,0.576,134,177,0.757,172,286,458,84,53,39,73,186,753
Western,Northwest,Minnesota Timberwolves,Dario Šarić,68,28,1627,256,564,0.454,97,253,0.383,159,311,0.511,0.54,105,120,0.875,105,266,371,101,41,6,72,143,714
Western,Northwest,Minnesota Timberwolves,Tyus Jones,68,23,1560,185,446,0.415,40,126,0.317,145,320,0.453,0.46,58,69,0.841,23,111,134,327,81,5,47,78,468
Western,Northwest,Minnesota Timberwolves,Derrick Rose,51,13,1392,363,753,0.482,54,146,0.37,309,607,0.509,0.518,137,160,0.856,33,107,140,220,31,12,82,57,917
Western,Northwest,Minnesota Timberwolves,Jeff Teague,42,41,1264,176,416,0.423,35,105,0.333,141,311,0.453,0.465,123,153,0.804,16,90,106,343,43,18,97,90,510
Western,Northwest,Minnesota Timberwolves,Anthony Tolliver,65,0,1079,99,259,0.382,81,215,0.377,18,44,0.409,0.539,47,60,0.783,15,162,177,46,17,21,36,91,326
Western,Northwest,Minnesota Timberwolves,Gorgui Dieng,76,2,1031,189,377,0.501,19,56,0.339,170,321,0.53,0.527,88,106,0.83,81,230,311,72,48,41,57,134,485
Western,Northwest,Minnesota Timberwolves,Robert Covington,22,22,763,106,245,0.433,55,148,0.372,51,97,0.526,0.545,51,66,0.773,21,105,126,32,50,24,25,81,318
Western,Northwest,Minnesota Timberwolves,Jerryd Bayless,34,6,657,82,230,0.357,29,98,0.296,53,132,0.402,0.42,16,28,0.571,11,51,62,119,18,2,32,56,209
Western,Northwest,Minnesota Timberwolves,Keita Bates-Diop,30,3,503,60,142,0.423,13,52,0.25,47,90,0.522,0.468,18,28,0.643,16,67,83,17,18,14,14,29,151
Western,Northwest,Minnesota Timberwolves,Luol Deng,22,2,392,59,118,0.5,14,44,0.318,45,74,0.608,0.559,25,35,0.714,20,53,73,18,15,8,14,24,157
Western,Northwest,Minnesota Timberwolves,Jimmy Butler,10,10,361,74,157,0.471,17,45,0.378,57,112,0.509,0.525,48,61,0.787,16,36,52,43,24,10,14,18,213
Western,Northwest,Minnesota Timberwolves,Cameron Reynolds,19,0,259,33,78,0.423,21,51,0.412,12,27,0.444,0.558,8,9,0.889,4,27,31,13,6,2,5,26,95
Western,Northwest,Minnesota Timberwolves,C.J. Williams,15,0,128,17,35,0.486,5,16,0.313,12,19,0.632,0.557,0,1,0,1,7,8,12,6,0,5,16,39
Western,Northwest,Minnesota Timberwolves,Jared Terrell,14,0,111,12,39,0.308,4,17,0.235,8,22,0.364,0.359,3,6,0.5,1,5,6,12,3,2,10,16,31
Western,Northwest,Minnesota Timberwolves,Isaiah Canaan,7,1,95,11,29,0.379,7,19,0.368,4,10,0.4,0.5,4,4,1,0,5,5,19,2,1,4,4,33
Western,Northwest,Minnesota Timberwolves,James Nunnally,13,0,64,9,21,0.429,5,13,0.385,4,8,0.5,0.548,4,4,1,0,4,4,5,1,0,1,4,27
Western,Northwest,Minnesota Timberwolves,Mitch Creek,1,0,12,3,6,0.5,0,1,0,3,5,0.6,0.5,0,0,,1,1,2,1,1,0,1,0,6
Western,Pacific,Golden State Warriors,Kevin Durant,78,78,2702,721,1383,0.521,137,388,0.353,584,995,0.587,0.571,448,506,0.885,33,464,497,457,58,84,225,155,2027
Western,Pacific,Golden State Warriors,Klay Thompson,78,78,2652,655,1402,0.467,241,599,0.402,414,803,0.516,0.553,129,158,0.816,37,262,299,186,84,47,115,157,1680
Western,Pacific,Golden State Warriors,Stephen Curry,69,69,2331,632,1340,0.472,354,810,0.437,278,530,0.525,0.604,263,287,0.916,45,324,369,361,92,25,192,166,1881
Western,Pacific,Golden State Warriors,Draymond Green,66,66,2065,188,422,0.445,47,165,0.285,141,257,0.549,0.501,63,91,0.692,60,421,481,454,95,70,169,197,486
Western,Pacific,Golden State Warriors,Andre Iguodala,68,13,1578,151,302,0.5,48,144,0.333,103,158,0.652,0.579,39,67,0.582,48,204,252,216,61,51,52,95,389
Western,Pacific,Golden State Warriors,Kevon Looney,80,24,1481,217,347,0.625,1,10,0.1,216,337,0.641,0.627,65,105,0.619,194,223,417,123,46,53,51,211,500
Western,Pacific,Golden State Warriors,Jonas Jerebko,73,6,1218,163,355,0.459,69,188,0.367,94,167,0.563,0.556,64,80,0.8,72,216,288,96,27,18,43,137,459
Western,Pacific,Golden State Warriors,Quinn Cook,74,10,1059,204,439,0.465,81,200,0.405,123,239,0.515,0.557,20,26,0.769,22,135,157,116,20,3,50,92,509
Western,Pacific,Golden State Warriors,Alfonzo McKinnie,72,5,1003,134,275,0.487,42,118,0.356,92,157,0.586,0.564,27,48,0.563,81,166,247,31,18,15,30,134,337
Western,Pacific,Golden State Warriors,Shaun Livingston,64,0,967,109,210,0.519,0,2,0,109,208,0.524,0.519,40,51,0.784,42,75,117,114,31,27,38,74,258
Western,Pacific,Golden State Warriors,Jordan Bell,68,3,788,99,192,0.516,0,2,0,99,190,0.521,0.516,25,41,0.61,55,129,184,76,20,51,42,80,223
Western,Pacific,Golden State Warriors,DeMarcus Cousins,30,30,771,178,371,0.48,26,95,0.274,152,276,0.551,0.515,106,144,0.736,43,204,247,107,40,44,72,109,488
Western,Pacific,Golden State Warriors,Damian Jones,24,22,410,53,74,0.716,0,0,,53,74,0.716,0.716,24,37,0.649,31,44,75,28,12,25,16,63,130
Western,Pacific,Golden State Warriors,Damion Lee,32,0,375,56,127,0.441,27,68,0.397,29,59,0.492,0.547,19,22,0.864,8,56,64,13,13,0,11,28,158
Western,Pacific,Golden State Warriors,Jacob Evans,30,1,204,18,53,0.34,4,15,0.267,14,38,0.368,0.377,0,1,0,6,19,25,23,5,3,11,28,40
Western,Pacific,Golden State Warriors,Andrew Bogut,11,5,134,18,36,0.5,0,0,,18,36,0.5,0.5,3,3,1,12,43,55,11,3,8,8,22,39
Western,Pacific,Golden State Warriors,Marcus Derrickson,11,0,67,16,33,0.485,10,20,0.5,6,13,0.462,0.636,4,5,0.8,8,5,13,1,0,1,3,9,46
Western,Pacific,Los Angeles Clippers,Shai Gilgeous-Alexander,82,73,2174,341,716,0.476,51,139,0.367,290,577,0.503,0.512,156,195,0.8,57,175,232,270,96,45,141,175,889
Western,Pacific,Los Angeles Clippers,Montrezl Harrell,82,5,2158,546,888,0.615,3,17,0.176,543,871,0.623,0.617,266,414,0.643,184,351,535,162,71,110,132,255,1361
Western,Pacific,Los Angeles Clippers,Patrick Beverley,78,49,2137,194,477,0.407,112,282,0.397,82,195,0.421,0.524,96,123,0.78,76,312,388,300,67,43,85,265,596
Western,Pacific,Los Angeles Clippers,Danilo Gallinari,68,68,2059,409,884,0.463,161,372,0.433,248,512,0.484,0.554,367,406,0.904,54,363,417,178,49,23,99,129,1346
Western,Pacific,Los Angeles Clippers,Lou Williams,75,1,1993,484,1138,0.425,105,291,0.361,379,847,0.447,0.471,425,485,0.876,40,182,222,402,57,11,181,80,1498
Western,Pacific,Los Angeles Clippers,Tobias Harris,55,55,1903,424,855,0.496,112,258,0.434,312,597,0.523,0.561,192,219,0.877,37,395,432,150,40,24,109,123,1152
Western,Pacific,Los Angeles Clippers,Avery Bradley,49,49,1463,161,420,0.383,58,172,0.337,103,248,0.415,0.452,20,25,0.8,35,96,131,96,27,16,61,133,400
Western,Pacific,Los Angeles Clippers,Marcin Gortat,47,43,751,99,186,0.532,0,0,,99,186,0.532,0.532,35,48,0.729,67,194,261,65,6,24,50,92,233
Western,Pacific,Los Angeles Clippers,Mike Scott,52,0,748,92,230,0.4,52,133,0.391,40,97,0.412,0.513,12,18,0.667,24,150,174,44,17,8,27,88,248
Western,Pacific,Los Angeles Clippers,Landry Shamet,25,23,694,87,210,0.414,68,151,0.45,19,59,0.322,0.576,31,39,0.795,7,49,56,58,13,2,19,49,273
Western,Pacific,Los Angeles Clippers,Tyrone Wallace,62,0,628,92,217,0.424,4,19,0.211,88,198,0.444,0.433,30,57,0.526,20,81,101,42,21,7,36,83,218
Western,Pacific,Los Angeles Clippers,Ivica Zubac,26,25,524,100,186,0.538,0,0,,100,186,0.538,0.538,44,60,0.733,61,139,200,38,10,24,37,64,244
Western,Pacific,Los Angeles Clippers,Garrett Temple,26,6,510,42,106,0.396,16,54,0.296,26,52,0.5,0.472,23,31,0.742,10,54,64,37,26,5,16,70,123
Western,Pacific,Los Angeles Clippers,JaMychal Green,24,2,471,79,164,0.482,33,80,0.413,46,84,0.548,0.582,17,21,0.81,32,125,157,14,12,8,23,70,208
Western,Pacific,Los Angeles Clippers,Boban Marjanović,36,9,376,85,140,0.607,0,2,0,85,138,0.616,0.607,72,95,0.758,55,97,152,22,11,17,37,57,242
Western,Pacific,Los Angeles Clippers,Jerome Robinson,33,0,320,44,110,0.4,18,57,0.316,26,53,0.491,0.482,6,9,0.667,3,38,41,19,11,3,13,46,112
Western,Pacific,Los Angeles Clippers,Sindarius Thornwell,64,1,313,17,49,0.347,3,15,0.2,14,34,0.412,0.378,25,34,0.735,5,39,44,18,14,7,20,41,62
Western,Pacific,Los Angeles Clippers,Wilson Chandler,15,1,226,23,66,0.348,13,40,0.325,10,26,0.385,0.447,5,7,0.714,4,43,47,10,3,3,7,29,64
Western,Pacific,Los Angeles Clippers,Johnathan Motley,22,0,156,39,73,0.534,0,3,0,39,70,0.557,0.534,24,40,0.6,18,33,51,11,5,3,16,27,102
Western,Pacific,Los Angeles Clippers,Miloš Teodosić,15,0,150,17,40,0.425,10,27,0.37,7,13,0.538,0.55,4,7,0.571,3,13,16,32,3,1,21,27,48
Western,Pacific,Los Angeles Clippers,Luc Mbah a Moute,4,0,61,8,18,0.444,2,6,0.333,6,12,0.5,0.5,2,5,0.4,2,5,7,2,1,1,2,8,20
Western,Pacific,Los Angeles Clippers,Ángel Delgado,2,0,15,1,5,0.2,0,0,,1,5,0.2,0.2,1,2,0.5,2,2,4,0,1,0,0,2,3
Western,Pacific,Sacramento Kings,Buddy Hield,82,82,2615,623,1360,0.458,278,651,0.427,345,709,0.487,0.56,171,193,0.886,106,306,412,205,58,33,146,202,1695
Western,Pacific,Sacramento Kings,De'Aaron Fox,81,81,2546,505,1102,0.458,86,232,0.371,419,870,0.482,0.497,303,417,0.727,43,261,304,590,133,45,227,204,1399
Western,Pacific,Sacramento Kings,Willie Cauley-Stein,81,81,2213,412,741,0.556,1,2,0.5,411,739,0.556,0.557,140,254,0.551,181,497,678,194,96,51,84,227,965
Western,Pacific,Sacramento Kings,Bogdan Bogdanović,70,17,1947,361,863,0.418,134,372,0.36,227,491,0.462,0.496,134,162,0.827,40,203,243,267,72,15,117,142,990
Western,Pacific,Sacramento Kings,Nemanja Bjelica,77,70,1788,284,593,0.479,103,257,0.401,181,336,0.539,0.566,70,92,0.761,125,319,444,147,54,56,82,197,741
Western,Pacific,Sacramento Kings,Marvin Bagley,62,4,1567,356,706,0.504,30,96,0.313,326,610,0.534,0.525,181,262,0.691,162,309,471,62,33,59,98,120,923
Western,Pacific,Sacramento Kings,Iman Shumpert,42,40,1099,133,348,0.382,74,202,0.366,59,146,0.404,0.489,34,41,0.829,19,110,129,91,47,20,38,92,374
Western,Pacific,Sacramento Kings,Justin Jackson,52,3,1083,125,295,0.424,55,159,0.346,70,136,0.515,0.517,41,50,0.82,25,121,146,68,23,13,22,67,346
Western,Pacific,Sacramento Kings,Yogi Ferrell,71,3,1067,153,352,0.435,54,149,0.362,99,203,0.488,0.511,60,67,0.896,13,96,109,137,36,4,40,64,420
Western,Pacific,Sacramento Kings,Harrison Barnes,28,28,949,141,310,0.455,53,130,0.408,88,180,0.489,0.54,64,80,0.8,21,133,154,53,17,2,30,43,399
Western,Pacific,Sacramento Kings,Harry Giles,58,0,820,175,348,0.503,0,6,0,175,342,0.512,0.503,58,91,0.637,66,156,222,85,31,22,73,150,408
Western,Pacific,Sacramento Kings,Kosta Koufos,42,1,502,73,153,0.477,0,0,,73,153,0.477,0.477,10,24,0.417,52,125,177,36,15,18,27,68,156
Western,Pacific,Sacramento Kings,Frank Mason,38,0,435,71,169,0.42,14,64,0.219,57,105,0.543,0.462,39,57,0.684,6,37,43,84,16,4,36,34,195
Western,Pacific,Sacramento Kings,Corey Brewer,24,0,352,33,74,0.446,10,30,0.333,23,44,0.523,0.514,22,30,0.733,22,37,59,29,20,5,11,47,98
Western,Pacific,Sacramento Kings,Troy Williams,21,0,312,44,98,0.449,14,44,0.318,30,54,0.556,0.52,9,15,0.6,12,47,59,11,10,8,9,37,111
Western,Pacific,Sacramento Kings,Ben McLemore,19,0,158,25,64,0.391,17,41,0.415,8,23,0.348,0.523,8,12,0.667,3,14,17,4,6,3,5,22,75
Western,Pacific,Sacramento Kings,Alec Burks,13,0,127,9,20,0.45,0,6,0,9,14,0.643,0.45,4,5,0.8,2,20,22,10,8,1,4,7,22
Western,Pacific,Sacramento Kings,Skal Labissière,13,0,113,13,30,0.433,4,11,0.364,9,19,0.474,0.5,6,11,0.545,4,20,24,6,2,3,7,21,36
Western,Pacific,Sacramento Kings,Caleb Swanigan,3,0,33,4,9,0.444,0,2,0,4,7,0.571,0.444,0,2,0,4,8,12,4,2,1,2,6,8
Western,Pacific,Sacramento Kings,B.J. Johnson,1,0,6,1,2,0.5,0,1,0,1,1,1,0.5,0,0,,0,0,0,0,0,0,0,1,2
Western,Pacific,Los Angeles Lakers,Kyle Kuzma,70,68,2314,496,1087,0.456,128,422,0.303,368,665,0.553,0.515,188,250,0.752,60,322,382,178,41,26,133,170,1308
Western,Pacific,Los Angeles Lakers,Kentavious Caldwell-Pope,82,23,2035,325,756,0.43,151,435,0.347,174,321,0.542,0.53,137,158,0.867,48,190,238,110,73,13,65,137,938
Western,Pacific,Los Angeles Lakers,LeBron James,55,55,1937,558,1095,0.51,111,327,0.339,447,768,0.582,0.56,278,418,0.665,57,408,465,454,72,33,197,94,1505
Western,Pacific,Los Angeles Lakers,Brandon Ingram,52,52,1760,362,729,0.497,31,94,0.33,331,635,0.521,0.518,195,289,0.675,41,226,267,154,28,31,129,149,950
Western,Pacific,Los Angeles Lakers,Josh Hart,67,22,1715,189,464,0.407,92,274,0.336,97,190,0.511,0.506,55,80,0.688,35,213,248,93,64,40,58,147,525
Western,Pacific,Los Angeles Lakers,JaVale McGee,75,62,1671,400,641,0.624,1,12,0.083,399,629,0.634,0.625,96,152,0.632,195,371,566,52,47,148,108,208,897
Western,Pacific,Los Angeles Lakers,Lonzo Ball,47,45,1423,185,456,0.406,75,228,0.329,110,228,0.482,0.488,20,48,0.417,54,197,251,255,69,19,103,114,465
Western,Pacific,Los Angeles Lakers,Rajon Rondo,46,29,1369,175,432,0.405,51,142,0.359,124,290,0.428,0.464,23,36,0.639,34,209,243,367,57,7,127,100,424
Western,Pacific,Los Angeles Lakers,Lance Stephenson,68,3,1123,184,432,0.426,73,197,0.371,111,235,0.472,0.51,50,73,0.685,32,183,215,140,41,7,86,111,491
Western,Pacific,Los Angeles Lakers,Tyson Chandler,48,6,786,53,87,0.609,0,1,0,53,86,0.616,0.609,41,69,0.594,85,183,268,31,19,22,35,89,147
Western,Pacific,Los Angeles Lakers,Alex Caruso,25,4,531,77,173,0.445,24,50,0.48,53,123,0.431,0.514,51,64,0.797,20,47,67,77,24,9,42,54,229
Western,Pacific,Los Angeles Lakers,Reggie Bullock,19,16,524,63,153,0.412,34,99,0.343,29,54,0.537,0.523,17,21,0.81,2,48,50,20,16,7,11,30,177
Western,Pacific,Los Angeles Lakers,Ivica Zubac,33,12,516,112,193,0.58,0,0,,112,193,0.58,0.58,57,66,0.864,54,108,162,25,4,27,33,73,281
Western,Pacific,Los Angeles Lakers,Moritz Wagner,43,5,446,71,171,0.415,22,77,0.286,49,94,0.521,0.48,43,53,0.811,17,68,85,24,11,13,39,57,207
Western,Pacific,Los Angeles Lakers,Sviatoslav Mykhailiuk,39,0,420,44,132,0.333,27,85,0.318,17,47,0.362,0.436,12,20,0.6,8,26,34,33,13,1,20,25,127
Western,Pacific,Los Angeles Lakers,Johnathan Williams,24,0,372,65,110,0.591,0,2,0,65,108,0.602,0.591,27,48,0.563,48,51,99,13,8,7,16,62,157
Western,Pacific,Los Angeles Lakers,Michael Beasley,26,2,277,75,153,0.49,3,17,0.176,72,136,0.529,0.5,28,39,0.718,13,47,60,25,9,10,27,42,181
Western,Pacific,Los Angeles Lakers,Mike Muscala,17,4,265,36,83,0.434,21,57,0.368,15,26,0.577,0.56,7,8,0.875,6,38,44,14,4,11,5,18,100
Western,Pacific,Los Angeles Lakers,Jemerrio Jones,6,2,143,12,33,0.364,2,10,0.2,10,23,0.435,0.394,1,2,0.5,16,33,49,13,7,5,5,10,27
Western,Pacific,Los Angeles Lakers,Isaac Bonga,22,0,120,5,33,0.152,0,8,0,5,25,0.2,0.152,9,15,0.6,9,16,25,15,9,4,6,9,19
Western,Pacific,Los Angeles Lakers,Scott Machado,4,0,19,4,6,0.667,1,1,1,3,5,0.6,0.75,1,1,1,0,0,0,3,1,0,0,2,10
Western,Pacific,Los Angeles Lakers,Andre Ingram,4,0,15,0,6,0,0,3,0,0,3,0,0,0,0,,1,1,2,0,1,0,1,0,0
Western,Pacific,Phoenix Suns,Mikal Bridges,82,56,2417,242,563,0.43,105,313,0.335,137,250,0.548,0.523,95,118,0.805,56,208,264,173,129,38,70,201,684
Western,Pacific,Phoenix Suns,Devin Booker,64,64,2242,586,1255,0.467,135,414,0.326,451,841,0.536,0.521,393,454,0.866,39,226,265,433,56,13,264,200,1700
Western,Pacific,Phoenix Suns,Deandre Ayton,71,70,2183,509,870,0.585,0,4,0,509,866,0.588,0.585,141,189,0.746,223,506,729,125,61,67,126,209,1159
Western,Pacific,Phoenix Suns,Josh Jackson,79,29,1988,347,841,0.413,73,225,0.324,274,616,0.445,0.456,143,213,0.671,66,281,347,183,74,56,173,209,910
Western,Pacific,Phoenix Suns,T.J. Warren,43,36,1360,297,611,0.486,77,180,0.428,220,431,0.51,0.549,101,124,0.815,31,143,174,64,51,29,52,119,772
Western,Pacific,Phoenix Suns,Jamal Crawford,64,0,1211,174,438,0.397,67,202,0.332,107,236,0.453,0.474,93,110,0.845,8,77,85,229,33,12,99,75,508
Western,Pacific,Phoenix Suns,Richaun Holmes,70,4,1184,222,365,0.608,0,0,,222,365,0.608,0.608,128,175,0.731,115,216,331,60,42,79,52,194,572
Western,Pacific,Phoenix Suns,Kelly Oubre,40,12,1180,243,537,0.453,67,206,0.325,176,331,0.532,0.515,121,159,0.761,47,149,196,64,57,39,73,110,674
Western,Pacific,Phoenix Suns,De'Anthony Melton,50,31,984,100,256,0.391,29,95,0.305,71,161,0.441,0.447,21,28,0.75,25,109,134,159,68,23,75,113,250
Western,Pacific,Phoenix Suns,Elie Okobo,53,16,958,114,290,0.393,39,132,0.295,75,158,0.475,0.46,37,47,0.787,12,86,98,127,32,7,69,109,304
Western,Pacific,Phoenix Suns,Trevor Ariza,26,26,884,86,227,0.379,50,139,0.36,36,88,0.409,0.489,36,43,0.837,16,129,145,87,38,8,39,44,258
Western,Pacific,Phoenix Suns,Dragan Bender,46,27,826,88,197,0.447,22,101,0.218,66,96,0.688,0.503,32,54,0.593,34,149,183,56,18,22,37,90,230
Western,Pacific,Phoenix Suns,Troy Daniels,51,1,760,113,275,0.411,74,194,0.381,39,81,0.481,0.545,18,23,0.783,13,60,73,26,26,5,27,79,318
Western,Pacific,Phoenix Suns,Isaiah Canaan,19,15,503,51,129,0.395,25,72,0.347,26,57,0.456,0.492,15,20,0.75,5,44,49,62,12,0,29,46,142
Western,Pacific,Phoenix Suns,Tyler Johnson,13,12,406,46,125,0.368,18,56,0.321,28,69,0.406,0.44,34,39,0.872,15,37,52,54,14,6,14,25,144
Western,Pacific,Phoenix Suns,Ryan Anderson,15,8,278,19,60,0.317,7,34,0.206,12,26,0.462,0.375,11,14,0.786,14,31,45,17,3,1,12,23,56
Western,Pacific,Phoenix Suns,Ray Spalding,13,3,147,25,47,0.532,0,3,0,25,44,0.568,0.532,4,12,0.333,15,33,48,5,9,8,9,23,54
Western,Pacific,Phoenix Suns,Quincy Acy,10,0,123,4,18,0.222,2,15,0.133,2,3,0.667,0.278,7,10,0.7,3,22,25,8,1,4,4,24,17
Western,Pacific,Phoenix Suns,Tyson Chandler,7,0,89,8,12,0.667,0,0,,8,12,0.667,0.667,10,18,0.556,7,32,39,6,2,1,7,21,26
Western,Pacific,Phoenix Suns,Jimmer Fredette,6,0,65,8,29,0.276,0,13,0,8,16,0.5,0.276,6,6,1,1,6,7,8,3,0,5,5,22
Western,Pacific,Phoenix Suns,Jawun Evans,7,0,64,3,13,0.231,0,2,0,3,11,0.273,0.231,0,0,,1,11,12,10,3,0,6,8,6
Western,Pacific,Phoenix Suns,Emanuel Terry,2,0,20,4,6,0.667,0,0,,4,6,0.667,0.667,1,2,0.5,2,4,6,1,3,0,2,4,9
Western,Pacific,Phoenix Suns,George King,1,0,6,0,0,,0,0,,0,0,,,0,0,,0,1,1,0,0,0,0,0,0
Western,Pacific,Phoenix Suns,Eric Moreland,1,0,5,0,0,,0,0,,0,0,,,0,0,,0,3,3,0,0,0,0,1,0
Western,Southwest,Houston Rockets,James Harden,78,78,2867,843,1909,0.442,378,1028,0.368,465,881,0.528,0.541,754,858,0.879,66,452,518,586,158,58,387,244,2818
Western,Southwest,Houston Rockets,P.J. Tucker,82,82,2802,207,523,0.396,146,387,0.377,61,136,0.449,0.535,41,59,0.695,121,358,479,96,132,39,63,252,601
Western,Southwest,Houston Rockets,Clint Capela,67,67,2249,474,732,0.648,0,0,,474,732,0.648,0.648,166,261,0.636,298,550,848,96,44,102,94,168,1114
Western,Southwest,Houston Rockets,Eric Gordon,68,53,2158,384,938,0.409,216,600,0.36,168,338,0.497,0.525,119,152,0.783,17,131,148,129,41,27,90,143,1103
Western,Southwest,Houston Rockets,Chris Paul,58,58,1857,302,720,0.419,127,355,0.358,175,365,0.479,0.508,175,203,0.862,36,229,265,473,114,18,152,146,906
Western,Southwest,Houston Rockets,Gerald Green,73,0,1473,231,578,0.4,156,441,0.354,75,137,0.547,0.535,57,68,0.838,30,152,182,40,33,27,55,126,675
Western,Southwest,Houston Rockets,Austin Rivers,47,13,1345,156,378,0.413,71,221,0.321,85,157,0.541,0.507,25,49,0.51,15,76,91,109,29,13,32,135,408
Western,Southwest,Houston Rockets,Danuel House,39,13,979,118,252,0.468,74,178,0.416,44,74,0.595,0.615,56,71,0.789,25,115,140,40,21,11,35,80,366
Western,Southwest,Houston Rockets,James Ennis,40,25,949,104,211,0.493,44,120,0.367,60,91,0.659,0.597,42,58,0.724,37,80,117,27,38,16,23,111,294
Western,Southwest,Houston Rockets,Gary Clark,51,2,641,50,151,0.331,41,138,0.297,9,13,0.692,0.467,7,7,1,24,92,116,18,20,26,7,47,148
Western,Southwest,Houston Rockets,Kenneth Faried,25,13,610,131,223,0.587,7,20,0.35,124,203,0.611,0.603,54,83,0.651,82,124,206,18,15,19,27,74,323
Western,Southwest,Houston Rockets,Nenê Hilário,42,2,546,60,116,0.517,0,3,0,60,113,0.531,0.517,31,47,0.66,34,89,123,26,18,15,11,87,151
Western,Southwest,Houston Rockets,Iman Shumpert,20,1,382,34,98,0.347,21,71,0.296,13,27,0.481,0.454,2,4,0.5,8,46,54,21,12,4,12,35,91
Western,Southwest,Houston Rockets,Carmelo Anthony,10,2,294,49,121,0.405,21,64,0.328,28,57,0.491,0.492,15,22,0.682,9,45,54,5,4,7,8,32,134
Western,Southwest,Houston Rockets,Isaiah Hartenstein,28,0,221,20,41,0.488,2,6,0.333,18,35,0.514,0.512,11,14,0.786,21,26,47,15,7,12,13,56,53
Western,Southwest,Houston Rockets,Michael Carter-Williams,16,1,145,25,61,0.41,7,19,0.368,18,42,0.429,0.467,12,26,0.462,3,10,13,21,9,6,10,27,69
Western,Southwest,Houston Rockets,Brandon Knight,12,0,118,11,47,0.234,5,32,0.156,6,15,0.4,0.287,9,11,0.818,1,8,9,9,2,0,5,14,36
Western,Southwest,Houston Rockets,Marquese Chriss,16,0,104,11,34,0.324,1,15,0.067,10,19,0.526,0.338,6,7,0.857,7,21,28,6,2,4,12,17,29
Western,Southwest,Houston Rockets,James Nunnally,2,0,38,3,13,0.231,3,12,0.25,0,1,0,0.346,0,0,,0,1,1,2,0,0,0,6,9
Western,Southwest,Houston Rockets,Chris Chiozza,7,0,33,2,8,0.25,2,5,0.4,0,3,0,0.375,0,0,,1,3,4,4,1,1,1,2,6
Western,Southwest,Houston Rockets,Vince Edwards,2,0,16,1,4,0.25,1,4,0.25,0,0,,0.375,0,0,,1,1,2,0,0,0,0,0,3
Western,Southwest,Houston Rockets,Terrence Jones,2,0,5,1,4,0.25,0,2,0,1,2,0.5,0.25,0,1,0,0,4,4,0,0,0,1,1,2
Western,Southwest,Houston Rockets,Zhou Qi,1,0,1,1,1,1,0,0,,1,1,1,1,0,0,,0,0,0,0,0,0,0,0,2
Western,Southwest,San Antonio Spurs,DeMar DeRozan,77,77,2688,631,1313,0.481,7,45,0.156,624,1268,0.492,0.483,366,441,0.83,54,408,462,475,86,36,199,177,1635
Western,Southwest,San Antonio Spurs,LaMarcus Aldridge,81,81,2687,684,1319,0.519,10,42,0.238,674,1277,0.528,0.522,349,412,0.847,251,493,744,194,43,107,144,179,1727
Western,Southwest,San Antonio Spurs,Bryn Forbes,82,81,2293,361,791,0.456,176,413,0.426,185,378,0.489,0.568,69,78,0.885,18,221,239,175,45,4,80,159,967
Western,Southwest,San Antonio Spurs,Patty Mills,82,1,1908,282,663,0.425,159,404,0.394,123,259,0.475,0.545,88,103,0.854,24,158,182,245,49,10,93,129,811
Western,Southwest,San Antonio Spurs,Rudy Gay,69,51,1842,376,746,0.504,74,184,0.402,302,562,0.537,0.554,120,147,0.816,63,407,470,182,54,34,114,159,946
Western,Southwest,San Antonio Spurs,Marco Belinelli,79,1,1815,285,690,0.413,147,395,0.372,138,295,0.468,0.52,112,124,0.903,16,182,198,132,35,8,72,121,829
Western,Southwest,San Antonio Spurs,Derrick White,67,55,1728,260,543,0.479,48,142,0.338,212,401,0.529,0.523,95,123,0.772,35,212,247,263,67,47,97,145,663
Western,Southwest,San Antonio Spurs,Dāvis Bertāns,76,12,1632,204,453,0.45,145,338,0.429,59,115,0.513,0.61,53,60,0.883,23,241,264,100,35,33,43,133,606
Western,Southwest,San Antonio Spurs,Jakob Pöltl,77,24,1273,187,290,0.645,0,0,,187,290,0.645,0.645,49,92,0.533,178,232,410,93,29,68,48,124,423
Western,Southwest,San Antonio Spurs,Dante Cunningham,64,21,928,75,158,0.475,30,65,0.462,45,93,0.484,0.57,14,18,0.778,48,140,188,50,27,13,22,71,194
Western,Southwest,San Antonio Spurs,Pau Gasol,27,6,330,41,88,0.466,5,10,0.5,36,78,0.462,0.494,27,38,0.711,22,105,127,50,5,14,14,28,114
Western,Southwest,San Antonio Spurs,Quincy Pondexter,53,0,292,29,58,0.5,6,18,0.333,23,40,0.575,0.552,34,42,0.81,8,38,46,24,11,1,13,24,98
Western,Southwest,San Antonio Spurs,Chimezie Metu,29,0,145,19,58,0.328,0,2,0,19,56,0.339,0.328,13,17,0.765,9,27,36,13,6,2,15,14,51
Western,Southwest,San Antonio Spurs,Lonnie Walker,17,0,118,16,46,0.348,5,13,0.385,11,33,0.333,0.402,8,10,0.8,0,17,17,9,7,3,4,7,45
Western,Southwest,San Antonio Spurs,Drew Eubanks,23,0,113,15,26,0.577,0,0,,15,26,0.577,0.577,11,13,0.846,6,28,34,7,2,5,8,11,41
Western,Southwest,San Antonio Spurs,Donatas Motiejūnas,3,0,13,3,6,0.5,0,0,,3,6,0.5,0.5,0,2,0,2,1,3,1,0,1,3,6,6
Western,Southwest,Memphis Grizzlies,Mike Conley,70,70,2342,490,1120,0.438,155,426,0.364,335,694,0.483,0.507,343,406,0.845,40,199,239,449,94,22,130,123,1478
Western,Southwest,Memphis Grizzlies,Marc Gasol,53,53,1788,303,683,0.444,76,221,0.344,227,462,0.491,0.499,152,201,0.756,56,399,455,248,60,63,119,147,834
Western,Southwest,Memphis Grizzlies,Garrett Temple,49,49,1530,166,387,0.429,74,210,0.352,92,177,0.52,0.525,57,76,0.75,18,134,152,69,50,25,54,134,463
Western,Southwest,Memphis Grizzlies,Jaren Jackson,58,56,1515,298,589,0.506,51,142,0.359,247,447,0.553,0.549,151,197,0.766,73,199,272,64,52,82,98,220,798
Western,Southwest,Memphis Grizzlies,Justin Holiday,44,39,1282,149,383,0.389,65,195,0.333,84,188,0.447,0.474,54,60,0.9,27,127,154,61,54,15,57,85,417
Western,Southwest,Memphis Grizzlies,Kyle Anderson,43,40,1281,150,276,0.543,9,34,0.265,141,242,0.583,0.56,37,64,0.578,48,203,251,128,54,37,58,112,346
Western,Southwest,Memphis Grizzlies,Shelvin Mack,53,3,1204,161,389,0.414,46,128,0.359,115,261,0.441,0.473,53,75,0.707,18,84,102,182,45,4,62,81,421
Western,Southwest,Memphis Grizzlies,JaMychal Green,41,4,900,151,312,0.484,38,96,0.396,113,216,0.523,0.545,63,80,0.788,72,180,252,36,33,26,64,123,403
Western,Southwest,Memphis Grizzlies,Delon Wright,26,11,802,115,265,0.434,20,78,0.256,95,187,0.508,0.472,66,89,0.742,29,112,141,138,42,15,40,50,316
Western,Southwest,Memphis Grizzlies,Bruno Caboclo,34,19,800,96,225,0.427,48,130,0.369,48,95,0.505,0.533,42,50,0.84,42,116,158,50,14,33,38,81,282
Western,Southwest,Memphis Grizzlies,Ivan Rabb,49,13,721,116,212,0.547,3,15,0.2,113,197,0.574,0.554,49,69,0.71,70,136,206,54,17,14,35,90,284
Western,Southwest,Memphis Grizzlies,Joakim Noah,42,1,693,110,213,0.516,0,1,0,110,212,0.519,0.516,78,109,0.716,58,180,238,89,20,31,50,96,298
Western,Southwest,Memphis Grizzlies,Jevon Carter,39,3,577,56,185,0.303,34,102,0.333,22,83,0.265,0.395,26,32,0.813,14,52,66,69,26,11,33,55,172
Western,Southwest,Memphis Grizzlies,Jonas Valančiūnas,19,17,527,152,279,0.545,5,18,0.278,147,261,0.563,0.554,70,91,0.769,52,151,203,41,6,30,51,64,379
Western,Southwest,Memphis Grizzlies,Omri Casspi,36,0,520,86,161,0.534,15,43,0.349,71,118,0.602,0.581,39,58,0.672,17,98,115,26,20,9,23,35,226
Western,Southwest,Memphis Grizzlies,Chandler Parsons,25,3,496,68,182,0.374,29,94,0.309,39,88,0.443,0.453,22,25,0.88,4,66,70,43,19,5,32,45,187
Western,Southwest,Memphis Grizzlies,Wayne Selden,32,0,455,65,161,0.404,20,63,0.317,45,98,0.459,0.466,22,29,0.759,16,28,44,36,10,6,23,48,172
Western,Southwest,Memphis Grizzlies,Tyler Dorsey,21,11,447,75,175,0.429,34,93,0.366,41,82,0.5,0.526,22,35,0.629,18,52,70,39,7,1,17,33,206
Western,Southwest,Memphis Grizzlies,Avery Bradley,14,14,442,87,188,0.463,28,73,0.384,59,115,0.513,0.537,23,25,0.92,8,36,44,56,14,0,28,34,225
Western,Southwest,Memphis Grizzlies,MarShon Brooks,29,0,387,76,169,0.45,15,54,0.278,61,115,0.53,0.494,23,33,0.697,12,33,45,25,9,4,21,33,190
Western,Southwest,Memphis Grizzlies,Dillon Brooks,18,0,330,49,122,0.402,15,40,0.375,34,82,0.415,0.463,22,30,0.733,9,22,31,16,10,4,19,50,135
Western,Southwest,Memphis Grizzlies,C.J. Miles,13,0,294,42,105,0.4,24,66,0.364,18,39,0.462,0.514,13,14,0.929,1,26,27,14,8,5,9,17,121
Western,Southwest,Memphis Grizzlies,Julian Washburn,18,3,254,16,48,0.333,5,24,0.208,11,24,0.458,0.385,3,4,0.75,8,33,41,14,13,2,7,16,40
Western,Southwest,Memphis Grizzlies,Yuta Watanabe,15,0,174,15,51,0.294,2,16,0.125,13,35,0.371,0.314,7,10,0.7,4,27,31,8,4,1,6,11,39
Western,Southwest,Memphis Grizzlies,Tyler Zeller,4,1,82,16,28,0.571,0,0,,16,28,0.571,0.571,14,18,0.778,9,9,18,3,1,3,4,16,46
Western,Southwest,Memphis Grizzlies,Dusty Hannahs,2,0,26,3,12,0.25,0,5,0,3,7,0.429,0.25,2,2,1,0,1,1,5,1,0,1,1,8
Western,Southwest,Memphis Grizzlies,D.J. Stephens,1,0,7,1,2,0.5,0,0,,1,2,0.5,0.5,0,0,,0,0,0,0,1,0,1,0,2
Western,Southwest,Memphis Grizzlies,Andrew Harrison,1,0,5,1,2,0.5,0,1,0,1,1,1,0.5,0,0,,0,0,0,0,0,0,0,1,2
Western,Southwest,New Orleans Pelicans,Jrue Holiday,67,67,2402,547,1159,0.472,118,363,0.325,429,796,0.539,0.523,208,271,0.768,75,259,334,518,109,54,210,148,1420
Western,Southwest,New Orleans Pelicans,Julius Randle,73,49,2232,571,1089,0.524,67,195,0.344,504,894,0.564,0.555,356,487,0.731,162,472,634,229,52,45,208,246,1565
Western,Southwest,New Orleans Pelicans,Anthony Davis,56,56,1850,530,1026,0.517,48,145,0.331,482,881,0.547,0.54,344,433,0.794,174,498,672,218,88,135,112,132,1452
Western,Southwest,New Orleans Pelicans,Darius Miller,69,15,1757,189,484,0.39,133,364,0.365,56,120,0.467,0.528,56,71,0.789,14,114,128,146,40,23,59,165,567
Western,Southwest,New Orleans Pelicans,E'Twaun Moore,53,36,1463,256,532,0.481,76,176,0.432,180,356,0.506,0.553,45,59,0.763,35,92,127,102,40,8,59,112,633
Western,Southwest,New Orleans Pelicans,Elfrid Payton,42,42,1250,179,412,0.434,33,105,0.314,146,307,0.476,0.475,55,74,0.743,49,171,220,320,44,17,112,81,446
Western,Southwest,New Orleans Pelicans,Frank Jackson,61,16,1169,194,447,0.434,53,169,0.314,141,278,0.507,0.493,54,73,0.74,25,109,134,69,25,2,48,92,495
Western,Southwest,New Orleans Pelicans,Kenrich Williams,46,29,1079,107,279,0.384,52,156,0.333,55,123,0.447,0.477,13,19,0.684,55,164,219,83,45,19,36,95,279
Western,Southwest,New Orleans Pelicans,Ian Clark,60,6,973,151,383,0.394,66,202,0.327,85,181,0.47,0.48,33,37,0.892,13,76,89,94,22,8,58,95,401
Western,Southwest,New Orleans Pelicans,Jahlil Okafor,59,24,935,212,362,0.586,1,5,0.2,211,357,0.591,0.587,59,89,0.663,82,196,278,40,15,40,52,96,484
Western,Southwest,New Orleans Pelicans,Nikola Mirotić,32,22,925,182,407,0.447,85,231,0.368,97,176,0.551,0.552,85,101,0.842,46,218,264,35,21,25,37,86,534
Western,Southwest,New Orleans Pelicans,Tim Frazier,47,17,909,88,195,0.451,27,77,0.351,61,118,0.517,0.521,32,41,0.78,32,105,137,206,25,4,60,93,235
Western,Southwest,New Orleans Pelicans,Cheick Diallo,64,1,896,168,271,0.62,1,4,0.25,167,267,0.625,0.622,50,67,0.746,75,257,332,33,29,33,49,113,387
Western,Southwest,New Orleans Pelicans,Solomon Hill,44,15,878,68,178,0.382,32,101,0.317,36,77,0.468,0.472,23,32,0.719,34,99,133,55,23,10,31,80,191
Western,Southwest,New Orleans Pelicans,Wesley Johnson,26,13,377,35,88,0.398,19,50,0.38,16,38,0.421,0.506,6,9,0.667,10,44,54,16,12,7,12,45,95
Western,Southwest,New Orleans Pelicans,Stanley Johnson,18,0,247,38,91,0.418,11,34,0.324,27,57,0.474,0.478,9,13,0.692,9,33,42,28,12,1,26,22,96
Western,Southwest,New Orleans Pelicans,Christian Wood,8,2,189,49,92,0.533,6,21,0.286,43,71,0.606,0.565,31,41,0.756,13,50,63,6,7,10,14,14,135
Western,Southwest,New Orleans Pelicans,Dairis Bertāns,12,0,167,12,47,0.255,10,34,0.294,2,13,0.154,0.362,0,0,,2,7,9,10,1,0,2,7,34
Western,Southwest,New Orleans Pelicans,Andrew Harrison,6,0,38,3,12,0.25,2,10,0.2,1,2,0.5,0.333,1,2,0.5,2,3,5,7,0,0,2,7,9
Western,Southwest,New Orleans Pelicans,Jason Smith,2,0,20,2,9,0.222,2,7,0.286,0,2,0,0.333,2,2,1,2,2,4,1,0,0,1,3,8
Western,Southwest,Dallas Mavericks,Luka Dončić,72,72,2318,506,1186,0.427,168,514,0.327,338,672,0.503,0.497,346,485,0.713,86,477,563,429,77,25,247,137,1526
Western,Southwest,Dallas Mavericks,Dorian Finney-Smith,81,26,1985,228,528,0.432,79,254,0.311,149,274,0.544,0.507,73,103,0.709,138,251,389,95,69,36,74,186,608
Western,Southwest,Dallas Mavericks,Dwight Powell,77,22,1662,290,486,0.597,39,127,0.307,251,359,0.699,0.637,196,254,0.772,140,271,411,112,44,50,67,201,815
Western,Southwest,Dallas Mavericks,Jalen Brunson,73,38,1591,264,565,0.467,63,181,0.348,201,384,0.523,0.523,87,120,0.725,25,144,169,230,37,4,88,127,678
Western,Southwest,Dallas Mavericks,Harrison Barnes,49,49,1584,290,717,0.404,121,311,0.389,169,406,0.416,0.489,165,198,0.833,36,171,207,62,33,11,68,79,866
Western,Southwest,Dallas Mavericks,DeAndre Jordan,50,50,1554,208,323,0.644,0,0,,208,323,0.644,0.644,135,198,0.682,161,525,686,99,33,53,111,125,551
Western,Southwest,Dallas Mavericks,Maxi Kleber,71,18,1502,175,386,0.453,77,218,0.353,98,168,0.583,0.553,58,74,0.784,90,239,329,70,36,78,54,143,485
Western,Southwest,Dallas Mavericks,Wesley Matthews,44,44,1312,194,469,0.414,100,263,0.38,94,206,0.456,0.52,87,110,0.791,20,82,102,100,33,12,58,102,575
Western,Southwest,Dallas Mavericks,Devin Harris,68,2,1071,132,347,0.38,62,200,0.31,70,147,0.476,0.47,102,134,0.761,12,100,112,122,35,16,56,133,428
Western,Southwest,Dallas Mavericks,Dennis Smith,32,32,908,157,357,0.44,43,125,0.344,114,232,0.491,0.5,57,82,0.695,18,79,97,138,40,11,100,82,414
Western,Southwest,Dallas Mavericks,Dirk Nowitzki,51,20,795,135,376,0.359,64,205,0.312,71,171,0.415,0.444,39,50,0.78,5,153,158,35,9,18,18,76,373
Western,Southwest,Dallas Mavericks,J.J. Barea,38,0,752,161,385,0.418,38,128,0.297,123,257,0.479,0.468,55,78,0.705,13,82,95,211,22,1,72,50,415
Western,Southwest,Dallas Mavericks,Tim Hardaway,19,17,558,108,267,0.404,45,140,0.321,63,127,0.496,0.489,33,43,0.767,7,54,61,37,12,2,24,35,294
Western,Southwest,Dallas Mavericks,Justin Jackson,29,11,531,92,190,0.484,32,86,0.372,60,104,0.577,0.568,21,29,0.724,19,47,66,28,9,1,7,32,237
Western,Southwest,Dallas Mavericks,Ryan Broekhoff,42,0,453,57,126,0.452,38,93,0.409,19,33,0.576,0.603,15,19,0.789,8,55,63,22,6,4,16,35,167
Western,Southwest,Dallas Mavericks,Trey Burke,25,1,436,88,190,0.463,26,73,0.356,62,117,0.53,0.532,41,49,0.837,13,24,37,65,12,2,20,25,243
Western,Southwest,Dallas Mavericks,Salah Mejri,36,4,399,55,112,0.491,11,34,0.324,44,78,0.564,0.54,20,32,0.625,36,95,131,35,10,26,21,55,141
Western,Southwest,Dallas Mavericks,Courtney Lee,22,4,268,32,82,0.39,11,39,0.282,21,43,0.488,0.457,5,7,0.714,3,24,27,21,13,1,9,19,80
Western,Southwest,Dallas Mavericks,Daryl Macon,8,0,90,10,27,0.37,5,11,0.455,5,16,0.313,0.463,4,7,0.571,2,10,12,7,1,0,6,8,29
Western,Southwest,Dallas Mavericks,Kostas Antetokounmpo,2,0,11,0,3,0,0,0,,0,3,0,0,2,4,0.5,0,1,1,0,2,0,1,0,2
Western,Southwest,Dallas Mavericks,Ray Spalding,1,0,1,0,0,,0,0,,0,0,,,0,0,,0,0,0,0,0,0,0,0,0